SiteCodeKey,Site,ZoneCode,SiteComments,InvLat1DD,InvLon1DD,SiteCodeFK,InvHabMatchDegree,InvHabmatchComment,HabLatDD,HabLonDD,HabDepth,SedType1,SedType2,SedChoice,SedComb,VegCovScore,VegDomList,InvWQMatchDegree,InvWQmatchComment,WQLatDD,WQLonDD,WQComment,WQdep1,Temptr1,inferred Temptr1,pH1,SpCond1,Turb1,DOpsat1,DOconc1,inferred DOconc1,BmAtten1
APIS17_02R,02R,random,random,46.97392,-90.62402,APIS17_02R,exact,8 m,46.97396,-90.6241,49.8,clay,silt,equal,clay_silt,,,exact,,46.974,-90.62366,CTD data,surface: 2 m,17.241,,8.253,99.612,,,9.396,,0.448
APIS17_04R,04R,random,random,46.96838,-90.78007,APIS17_04R,exact,,46.96838,-90.78006,33.8,silt,clay,prim/secd,clay_silt,,,exact,,46.96838,-90.78006,hydrolab data,surface,17.44,,8.11,14.2,0.8,106,9.93,,
APIS17_07R,07R,random,random,46.93548,-90.65382,APIS17_07R,approx,28 m,46.9357,-90.65363,8.9,clay,silt,equal,clay_silt,,,exact,,46.93566,-90.6535,CTD data,surface: 2 m,17.441,,8.196,99.492,,,9.296,,0.403
APIS17_08R,08R,random,random,46.99222,-90.75318,APIS17_08R,exact,,46.99221,-90.75318,39,silt,clay,prim/secd,clay_silt,,,exact,,46.99221,-90.75318,hydrolab data,surface,17.59,,8.11,14.2,0,106.6,10.03,,
APIS17_12R,12R,random,random,46.87515,-90.6869,APIS17_12R,exact,16 m,46.87505,-90.68675,47.3,clay,silt,equal,clay_silt,,,exact,,46.87483,-90.68683,CTD data,surface: 2.5 m,17.1516,,8.277,99.376,,,9.3867,,0.4581
APIS17_13R,13R,random,random,46.9895,-90.67585,APIS17_13R,exact,,46.9895,-90.67585,39.3,silt,,onlyprim,clay_silt,,,exact,,46.9895,-90.67566,CTD data,surface: 2 m,17.638,,8.296,99.786,,,9.249,,0.458
APIS17_14R,14R,random,random,46.9515,-90.7032,APIS17_14R,exact,20 m,46.95131,-90.7032,50.2,clay,organic,equal,clay_silt,,,exact,,46.95116,-90.70266,CTD data,surface: 2 m,17.232,,8.291,99.821,,,9.472,,0.504
APIS17_15R,15R,random,random,46.9043,-90.67988,APIS17_15R,exact,11 m,46.9044,-90.67991,50.3,clay,silt,equal,clay_silt,,,exact,,46.9045,-90.67933,CTD data,surface: 2 m,18.0199,,8.278,99.837,,,9.3943,,0.4709
APIS17_24T,24T,target,River Mouth,46.94937,-90.8068,APIS17_24T,exact,,46.94936,-90.8068,31,clay,,onlyprim,clay_silt,,,exact,,46.94936,-90.8068,hydrolab data,surface,17.13,,8.1,14.2,0,106.8,10.15,,
APIS17_25T,25T,target,River Mouth,46.95762,-90.91617,APIS17_25T,exact,,46.95761,-90.91616,16.2,clay,,onlyprim,clay_silt,,,exact,,46.95761,-90.91616,hydrolab data,surface,16.1,,8.01,14.1,0.9,105.8,10.12,,
APIS17_30T,30T,target,River Mouth,46.9401,-90.81945,APIS17_30T,exact,,46.9401,-90.81945,15.6,silt,,onlyprim,clay_silt,,,exact,,46.9401,-90.81945,hydrolab data,surface,16.94,,8.07,14.4,1,106.2,10,,
APIS17_51T,51T,target,Near Private Dock,46.7832,-90.79227,APIS17_51T,exact,,46.7832,-90.79226,2.8,silt,clay,prim/secd,clay_silt,,,exact,,46.7832,-90.79226,hydrolab data,surface,18.37,,8.18,15.8,0,107.4,9.8,,
APIS17_52T,52T,target,River Mouth,46.78272,-90.8516,APIS17_52T,exact,,46.78271,-90.8516,10.2,clay,silt,prim/secd,clay_silt,,,exact,,46.78271,-90.8516,hydrolab data,surface,18.34,,8.17,15.5,2.5,106.8,9.86,,
APIS17_53T,53T,target,River Mouth,46.77703,-90.8387,APIS17_53T,exact,,46.77703,-90.8387,31,silt,,onlyprim,clay_silt,,,exact,,46.77703,-90.8387,hydrolab data,surface,18.72,,8.18,15.9,2,108.7,9.88,,
APIS17_55T,55T,target,River Mouth,46.7437,-90.83513,APIS17_55T,exact,,46.7437,-90.83513,23,silt,clay,onlyprim,clay_silt,,,exact,,46.7437,-90.83513,hydrolab data,surface,19.4,,8.13,16.5,3,107.5,9.67,,
APIS17_56T,56T,target,River Mouth,46.73735,-90.86417,APIS17_56T,exact,,46.73735,-90.86416,14.6,silt,clay,prim/secd,clay_silt,,,exact,,46.73735,-90.86416,hydrolab data,surface,18.82,,8.21,16.2,1.3,109.8,9.89,,
APIS17_63R,63R,random,random,46.98417,-90.69123,APIS17_63R,exact,12 m,46.98406,-90.69118,16.3,clay,silt,equal,clay_silt,,,exact,,46.984,-90.691,CTD data,surface: 2 m,18.2225,,8.25,99.728,,,9.2704,,0.4482
APIS17_64R,64R,random,random,46.91322,-90.60375,APIS17_64R,exact,1 m,46.91321,-90.60373,45,clay,silt,equal,clay_silt,,,exact,,46.91316,-90.60333,CTD data,surface: 2 m,16.3996,,8.337,99.464,,,9.5752,,0.5157
APIS17_66R,66R,random,random,46.96872,-90.80827,APIS17_66R,exact,,46.96871,-90.80826,6.2,clay,rock,equal,clay_silt,,,exact,,46.96871,-90.80826,hydrolab data,surface,17.13,,8.09,14.1,2.7,104.6,9.95,,
APIS17_67R,67R,random,random,46.84463,-90.76572,APIS17_67R,exact,,46.84463,-90.76571,24,clay,,onlyprim,clay_silt,,,exact,,46.84463,-90.76571,hydrolab data,surface,17.08,,8.13,13.9,2.1,106.1,10.05,,
CB13-0003,3,Z1_BandNO,,46.72045,-90.8272,CB13-0003,exact,,46.72045,-90.8272,20,clay,,onlyprim,clay_silt,0,,,,,,,,,,,,,,,,
CB13-0004,4,Z2_BandNO,,46.6277667,-90.8829167,CB13-0004,exact,,46.6277667,-90.8829167,9.5,clay,,onlyprim,clay_silt,0,,,,,,,,,,,,,,,,
CB13-0011,11,Z3_BandNO,,46.72205,-90.8501333,CB13-0011,exact,,46.72205,-90.8501333,21,clay,,onlyprim,clay_silt,0,,,,,,,,,,,,,,,,1.4
CB13-0017,17,Z2_BandYES,,46.5879667,-90.9053333,CB13-0017,exact,,46.5879667,-90.9053333,2.9,clay,organic,prim/secd,clay_silt,2,vallis,,,,,,,,,,,,,,,
CB13-0019,19,Z1_BandNO,,46.7292667,-90.8181833,CB13-0019,exact,,46.7292667,-90.8181833,20,clay,organic,prim/secd,clay_silt,0,,,,,,,,,,,,,,,,
CB13-0021,21,Z2_BandNO,,46.6147833,-90.85,CB13-0021,exact,,46.6147833,-90.85,5.5,clay,organic,prim/secd,clay_silt,0,,,,,,,,,,,,,,,,
CB13-0028,28,Z3_BandNO,,46.65435,-90.8978,CB13-0028,exact,,46.65435,-90.8978,8.5,clay,,onlyprim,clay_silt,0,,,,,,,,,,,,,,,,
CB13-0030,30,Z3_BandNO,,46.7045167,-90.84405,CB13-0030,exact,,46.7045167,-90.84405,20,clay,gravel,prim/secd,clay_silt,0,,,,,,,,,,,,,,,,
CB13-0038,38,Z2_BandNO,,46.6927833,-90.82895,CB13-0038,exact,,46.6927833,-90.82895,14.5,clay,,onlyprim,clay_silt,0,,,,,,,,,,,,,,,,
CB13-0039,39,Z1_BandNO,,46.7179833,-90.8171,CB13-0039,exact,,46.7179833,-90.8171,11,clay,,onlyprim,clay_silt,0,,,,,,,,,,,,,,,,
CB13-0040,40,Z3_BandNO,,46.67065,-90.8643167,CB13-0040,exact,,46.67065,-90.8643167,18.5,clay,,onlyprim,clay_silt,0,,,,,,,,,,,,,,,,
CB13-0042,42,Z1_BandNO,,46.7074667,-90.7721833,CB13-0042,exact,,46.7074667,-90.7721833,4.2,clay,organic,prim/secd,clay_silt,1,chara,,,,,,,,,,,,,,,
CB13-0046,46,Z2_BandNO,,46.70595,-90.8343833,CB13-0046,exact,,46.70595,-90.8343833,18,clay,gravel,prim/secd,clay_silt,0,,"invPF, invZT",CB13-0046,46.70595,-90.8343833,"CTD, deep WQ also",surface,19.2,,7.7,100.3,,98.7,9.1,,
CB13-0047,47,Z3_BandNO,,46.6249167,-90.9152333,CB13-0047,exact,,46.6249167,-90.9152333,7,clay,organic,prim/secd,clay_silt,0,,,,,,,,,,,,,,,,
CB13-0056,56,Z3_BandNO,,46.6491663,-90.910468,CB13-0056,exact,,46.6491663,-90.910468,8,clay,,onlyprim,clay_silt,0,,,,,,,,,,,,,,,,
CB13-0059,59,Z3_BandNO,,46.6199,-90.9041167,CB13-0059,exact,,46.6199,-90.9041167,8,clay,,onlyprim,clay_silt,0,,"invPF, invZZT",CB13-0059,46.6199,-90.9041167,"CTD, deep WQ also",surface,18.2,,9.3,100.6,,102,9.6,,
CB13-0060,60,Z2_BandNO,,46.66175,-90.8626833,CB13-0060,exact,,46.66175,-90.8626833,12,clay,organic,prim/secd,clay_silt,0,,,,,,,,,,,,,,,,
CB13-0062,62,Z3_BandNO,,46.7153333,-90.8521333,CB13-0062,exact,,46.7153333,-90.8521333,20,clay,,onlyprim,clay_silt,0,,,,,,,,,,,,,,,,
CB13-0063,63,Z3_BandNO,,46.6311333,-90.88335,CB13-0063,exact,,46.6311333,-90.88335,9.5,clay,organic,prim/secd,clay_silt,0,,,,,,,,,,,,,,,,
CB13-0065,65,Z2_BandYES,,46.5833333,-90.9131667,CB13-0065,exact,,46.5833333,-90.9131667,1.2,silt,gravel,prim/secd,clay_silt,0,,invPF,CB13-0065,46.5833333,-90.9131667,,surface,19.64,,7.44,95.6,6.3,99.9,9.05,,
CB13-0067,67,Z1_BandNO,,46.7228,-90.82775,CB13-0067,exact,,46.7228,-90.82775,22,clay,,onlyprim,clay_silt,0,,,,,,,,,,,,,,,,
CB13-0068,68,Z2_BandNO,,46.6043667,-90.9004,CB13-0068,exact,,46.6043667,-90.9004,6.5,clay,organic,prim/secd,clay_silt,0,,,,,,,,,,,,,,,,
CB13-0070,70,Z2_BandNO,,46.6826833,-90.8423833,CB13-0070,exact,,46.6826833,-90.8423833,15,clay,,onlyprim,clay_silt,0,,,,,,,,,,,,,,,,
CB13-0079,79,Z3_BandNO,,46.6383833,-90.9103167,CB13-0079,exact,,46.6383833,-90.9103167,8.5,clay,,onlyprim,clay_silt,0,,,,,,,,,,,,,,,,
CB13-0084,84,Z2_BandNO,,46.6017833,-90.9168667,CB13-0084,exact,,46.6017833,-90.9168667,5.5,clay,,onlyprim,clay_silt,0,,,,,,,,,,,,,,,,
CB13-0111,111,Z3_BandNO,,46.61575,-90.922,CB13-0111,exact,,46.61575,-90.922,7,clay,organic,prim/secd,clay_silt,0,,,,,,,,,,,,,,,,0.7
CB13-0116,116,Z2_BandNO,,46.6032833,-90.8861,CB13-0116,exact,,46.6032833,-90.8861,6,clay,organic,prim/secd,clay_silt,0,,,,,,,,,,,,,,,,
CB13-0120,120,Z3_BandNO,,46.6518,-90.9006,CB13-0120,exact,,46.6518,-90.9006,9,clay,,onlyprim,clay_silt,0,,,,,,,,,,,,,,,,
CB13-0123,123,Z3_BandNO,,46.62165,-90.9003167,CB13-0123,exact,,46.62165,-90.9003167,8.5,clay,,onlyprim,clay_silt,0,,,,,,,,,,,,,,,,
CB13-0172,172,Z3_BandNO,,46.6437333,-90.8880667,CB13-0172,exact,,46.6437333,-90.8880667,10,clay,silt,prim/secd,clay_silt,0,,,,,,,,,,,,,,,,
CB13-0175,175,Z2_BandNO,,46.6359167,-90.86245,CB13-0175,exact,,46.6359167,-90.86245,8,clay,silt,prim/secd,clay_silt,1,chara?,,,,,,,,,,,,,,,
CB13-0193,193,Z2_BandYES,,46.5899667,-90.8952167,CB13-0193,exact,,46.5899667,-90.8952167,2.2,clay,organic,prim/secd,clay_silt,1,elodea,,,,,,,,,,,,,,,
CB13-0200BS,200,Z3_BandYES,Matched to sled,46.6676667,-90.8895,CB13-0200BS,exact,,46.6676667,-90.8895,1.8,silt,,onlyprim,clay_silt,4,"elodea, coontail, potam",,,,,,,,,,,,,,,
CB13-0268,268,Z3_BandYES,,46.6638333,-90.9061667,CB13-0268,exact,,46.6638333,-90.9061667,1.7,silt,clay,equal,clay_silt,2,ribbon-leaf potam,invPF,CB13-0268,46.6638333,-90.9061667,,surface,19.88,,7.78,97.5,5,101.6,9.15,,
CB13-0268BS,268,Z3_BandYES,Matched to sled,46.6658333,-90.903,CB13-0268BS,exact,,46.6658333,-90.903,1,silt,,onlyprim,clay_silt,4,"najas, elodea, algae",,,,,,,,,,,,,,,
CB13-0308,308,Z2_BandYES,,46.6045333,-90.8765833,CB13-0308,exact,,46.6045333,-90.8765833,4.5,clay,,onlyprim,clay_silt,3,elodea,,,,,,,,,,,,,,,
CB13-0318,318,Z3_BandYES,,46.709,-90.858,CB13-0318,exact,,46.709,-90.858,6.3,clay,organic,prim/secd,clay_silt,0,,invPF,CB13-0318,46.709,-90.858,,surface,19.8,,8,94.7,3.1,108,9.7,,
CB13-0420,420,Z2_BandYES,,46.6048333,-90.8612833,CB13-0420,exact,,46.6048333,-90.8612833,2.2,clay,organic,prim/secd,clay_silt,1,chara,,,,,,,,,,,,,,,
CB13-1506,1506,Z4_BandYES,,46.889,-90.7495,CB13-1506,exact,,46.889,-90.7495,6.2,clay,organic,prim/secd,clay_silt,0,,invPF,CB13-1506,46.889,-90.7495,,surface,18.4,,8,94.8,2.9,107,9.9,,
CB13-1511,1511,Z4_BandNO,,46.7329833,-90.8198667,CB13-1511,exact,,46.7329833,-90.8198667,25,clay,organic,prim/secd,clay_silt,0,,,,,,,,,,,,,,,,
CB13-1513,1513,Z4_BandNO,,46.8626333,-90.7685,CB13-1513,exact,,46.8626333,-90.7685,24,clay,,onlyprim,clay_silt,0,,invPF,CB13-1513,46.8626333,-90.7685,"CTD, deep WQ also",surface,18.1,,9.2,100.1,,101.2,9.6,,
CB13-1517,1517,Z4_BandNO,,46.8141833,-90.8024333,CB13-1517,exact,,46.8141833,-90.8024333,35,clay,,onlyprim,clay_silt,0,,"invPF, invZT",CB13-1517,46.8141833,-90.8024333,"CTD, deep WQ also",surface,17.7,,9.1,100.3,,99,9.4,,
CB13-1521,1521,Z4_BandYES,,46.8345,-90.7926667,CB13-1521,exact,,46.8345,-90.7926667,2.9,clay,,onlyprim,clay_silt,3,"ribbon-leaf potam, water moss",invPF,CB13-1521,46.8345,-90.7926667,,surface,19.7,,7.9,96.3,2.4,105.8,9.5,,
CB13-1521BS,1521,Z4_BandYES,Matched to sled,46.8345,-90.7935,CB13-1521BS,exact,,46.8345,-90.7935,5,clay,rock,prim/secd,clay_silt,2,"chara, potam",,,,,,,,,,,,,,,
CB13-1527,1527,Z4_BandNO,,46.7452167,-90.8552667,CB13-1527,exact,,46.7452167,-90.8552667,18,clay,,onlyprim,clay_silt,0,,,,,,,,,,,,,,,,
CB13-1540,1540,Z4_BandNO,,46.7721333,-90.84535,CB13-1540,exact,,46.7721333,-90.84535,25,clay,,onlyprim,clay_silt,0,,invPF,CB13-1540,46.7721333,-90.84535,"CTD, deep WQ also",surface,18.5,,6.3,100.5,,102.1,9.6,,
CB13-1553,1553,Z4_BandNO,,46.8718833,-90.7665833,CB13-1553,exact,,46.8718833,-90.7665833,17,clay,,onlyprim,clay_silt,0,,,,,,,,,,,,,,,,
CB13-1555,1555,Z4_BandNO,,46.7415167,-90.8457833,CB13-1555,exact,,46.7415167,-90.8457833,20,clay,,onlyprim,clay_silt,0,,"invPF, invZT",CB13-1555,46.7415167,-90.8457833,"CTD, deep WQ also",surface,18.9,,8.4,100.5,,99.7,9.3,,
CB13-1572,1572,Z4_BandNO,,46.7808,-90.8457333,CB13-1572,exact,,46.7808,-90.8457333,21,clay,,onlyprim,clay_silt,0,,,,,,,,,,,,,,,,
CB13-1574,1574,Z4_BandNO,,46.9117167,-90.769,CB13-1574,exact,,46.9117167,-90.769,21,clay,organic,prim/secd,clay_silt,0,,,,,,,,,,,,,,,,
CB13-1575,1575,Z4_BandNO,,46.7523167,-90.8567667,CB13-1575,exact,,46.7523167,-90.8567667,20,clay,,onlyprim,clay_silt,0,,,,,,,,,,,,,,,,
CB13-1580,1580,Z4_BandYES,,46.7773333,-90.8606667,CB13-1580,exact,,46.7773333,-90.8606667,2.6,clay,,onlyprim,clay_silt,2,"potam, elodea",invPF,CB13-1580,46.7773333,-90.8606667,,surface,18.4,,7.98,94.4,1.9,108.4,10.04,,
CB13-1591,1591,Z4_BandNO,,46.73,-90.8228167,CB13-1591,exact,,46.73,-90.8228167,22,clay,organic,prim/secd,clay_silt,0,,,,,,,,,,,,,,,,
CB13-1594,1594,Z4_BandNO,,46.93895,-90.8114667,CB13-1594,exact,,46.93895,-90.8114667,17,clay,organic,prim/secd,clay_silt,0,,,,,,,,,,,,,,,,
CB13-1600,1600,Z4_BandYES,,46.7576667,-90.881,CB13-1600,exact,,46.7576667,-90.881,3.5,clay,,onlyprim,clay_silt,3,potam,invPF,CB13-1600,46.7576667,-90.881,,surface,18.57,,8.05,94.4,2.3,109.2,10.07,,
CB13-1603,1603,Z4_BandNO,,46.742367,-90.854467,CB13-1603,exact,,46.742367,-90.854467,18,clay,,onlyprim,clay_silt,0,,,,,,,,,,,,,,,,
CB13-1604,1604,Z4_BandNO,,46.7650167,-90.858,CB13-1604,exact,,46.7650167,-90.858,24,clay,,onlyprim,clay_silt,0,,,,,,,,,,,,,,,,
CB13-1605,1605,Z4_BandYES,,46.8823333,-90.7623333,CB13-1605,exact,,46.8823333,-90.7623333,6.6,clay,,onlyprim,clay_silt,2,chara,invPF,CB13-1605,46.8823333,-90.7623333,,surface,18.9,,8,94.8,2,107.8,9.97,,
CB13-1607,1607,Z4_BandNO,,46.7443,-90.8655667,CB13-1607,exact,,46.7443,-90.8655667,16,clay,,onlyprim,clay_silt,0,,,,,,,,,,,,,,,,
CB13-1619,1619,Z4_BandNO,,46.7442,-90.8433167,CB13-1619,exact,,46.7442,-90.8433167,20,clay,,onlyprim,clay_silt,0,,,,,,,,,,,,,,,,
CB13-1634,1634,Z4_BandYES,,46.8931667,-90.749,CB13-1634,exact,,46.8931667,-90.749,7.6,clay,,onlyprim,clay_silt,2,chara,invPF,CB13-1634,46.8931667,-90.749,,surface,18.3,,8,94.9,2.3,106.5,9.9,,
CB13-1637,1637,Z4_BandYES,,46.8786667,-90.769,CB13-1637,exact,,46.8786667,-90.769,6.4,clay,,onlyprim,clay_silt,2,chara,invPF,CB13-1637,46.8786667,-90.769,,surface,18.7,,7.9,95.4,2.7,108.4,10,,
CB13-1673,1673,Z4_BandYES,,46.8786667,-90.769,CB13-1673,exact,,46.8786667,-90.769,6.4,clay,,onlyprim,clay_silt,2,chara,invPF,CB13-1673,46.8786667,-90.769,,surface,18.7,,7.89,95.4,2.7,108.4,10,,
APIS17_00T,00T,target,APIS Dock,47.08632,-90.42342,APIS17_00T,loc_off,232 m,47.08441,-90.42226,7,cobble,,onlyprim,hard,,,exact,,47.08483,-90.42216,CTD data,surface: 2 m,16.988,,8.287,99.391,,,9.269,,0.681
APIS17_01T,01T,target,APIS Dock,47.06208,-90.72857,APIS17_01T,exact,,47.06208,-90.72856,4,rock,,onlyprim,hard,,,approx,ZT 50m W of WQ,47.06208,-90.72856,hydrolab data,surface,16.94,,8.1,14,0,105.1,105.8,,
APIS17_12T,12T,target,APIS Mooring,46.97648,-90.93237,APIS17_12T,exact,,46.97648,-90.93236,3,rock,,onlyprim,hard,,,exact,,46.97648,-90.93236,hydrolab data,surface,16.04,,8.07,13.7,1.5,106.6,10.09,,
APIS17_17T,17T,target,APIS Dock,46.96992,-90.80548,APIS17_17T,approx,183m S of HAB,46.96991,-90.80548,2.2,rock,,onlyprim,hard,,,approx,ZT 183m S of WQ ,46.96991,-90.80548,hydrolab data,surface,17.15,,8.08,14.3,3.1,105.2,9.9,,
APIS17_23T,23T,target,Near Private Dock,46.96205,-90.94563,APIS17_23T,loc_off,485m SW of HAB,46.96205,-90.94563,1.9,rock,,onlyprim,hard,,,loc_off,ZT 485m SW of WQ,46.96205,-90.94563,hydrolab data,surface,17.39,,8.14,15,0,107.9,10.03,,
APIS17_44T,44T,target,APIS Dreissenid,46.84968,-90.5444,APIS17_44T,approx,23 m,46.84961,-90.54411,11.3,cobble,,onlyprim,hard,,,exact,,46.84916,-90.5445,CTD data,surface: 2 m,16.8502,16.8502,7.968,33.323,,,9.3536,9.3536,0.5064
APIS17_53R,53R,random,random,47.07797,-90.59097,APIS17_53R,exact,,47.07796,-90.59096,8,cobble,,onlyprim,hard,,,exact,,47.07666,-90.591,CTD data,surface: 2 m,17.2121,,8.162,100.744,,,7.3947,,0.5919
APIS17_65R,65R,random,random,47.07895,-90.73548,APIS17_65R,exact,,47.07895,-90.73548,11,rock,,onlyprim,hard,,,exact,,47.07895,-90.73548,hydrolab data,surface,16.96,,8.09,14,0,105.5,10,,
APIS17_68R,68R,random,random,46.90355,-90.45933,APIS17_68R,approx,102 m,46.9031,-90.45816,7,cobble,,onlyprim,hard,,,exact,,46.903,-90.45816,CTD data,surface: 2 m,17.0875,,8.402,99.558,,,9.407,,0.4991
CB13-0008,8,Z2_BandYES,,46.5961,-90.8885667,CB13-0008,exact,,46.5961,-90.8885667,3.5,gravel,sand,prim/secd,hard,0,,,,,,,,,,,,,,,,
CB13-0164,164,Z2_BandYES,,46.6058667,-90.8593167,CB13-0164,exact,,46.6058667,-90.8593167,1.9,gravel,sand,prim/secd,hard,0,,,,,,,,,,,,,,,,
CB13-0197,197,Z2_BandYES,,46.6074181,-90.8529488,CB13-0197,exact,,46.6074181,-90.8529488,1.5,gravel,sand,prim/secd,hard,0,,,,,,,,,,,,,,,,
CB13-0269,269,Z2_BandYES,,46.6513167,-90.74865,CB13-0269,exact,,46.6513167,-90.74865,0.9,gravel,organic,prim/secd,hard,4,wild rice,invPF,CB13-0269,46.6513167,-90.74865,,surface,23.3,,8.97,97.9,7.7,99.1,8.31,,
CB13-0277,277,Z2_BandYES,,46.6112167,-90.8470333,CB13-0277,exact,,46.6112167,-90.8470333,1.5,gravel,sand,prim/secd,hard,3,potam,,,,,,,,,,,,,,,
CB13-1549BS,1549,Z4_BandYES,Matched to sled,46.811,-90.8113333,CB13-1549BS,exact,,46.811,-90.8113333,3.8,rock,,onlyprim,hard,0,,,,,,,,,,,,,,,,
CB13-0016,16,Z3_BandNO,,46.6641667,-90.8961667,CB13-0016,exact,,46.6641667,-90.8961667,4.6,sand,organic,equal,organic_plus,2,chara,invPF,CB13-0016,46.6641667,-90.8961667,,surface,19.74,,8.73,92,4.7,125,11.21,,
CB13-0055,55,Z3_BandNO,,46.7223333,-90.8623333,CB13-0055,exact,,46.7223333,-90.8623333,13.4,organic,clay,equal,organic_plus,0,,invPF,CB13-0055,46.7223333,-90.8623333,,surface,19.1,,8.1,94.5,3.3,107.2,9.7,,
CB13-0075,75,Z1_BandYES,,46.6658333,-90.7095,CB13-0075,exact,,46.6658333,-90.7095,1.3,organic,silt,prim/secd,organic_plus,0,,invPF,CB13-0075,46.6658333,-90.7095,,surface,24.46,,8.23,99,5.5,108,8.83,,
CB13-0107,107,Z1_BandYES,,46.661,-90.6943333,CB13-0107,exact,,46.661,-90.6943333,1.3,organic,silt,prim/secd,organic_plus,4,grass,invPF,CB13-0107,46.661,-90.6943333,,surface,24.69,,7.96,107.1,4.3,98.4,8.05,,0.7
CB13-0127,127,Z3_BandNO,,46.6339167,-90.8861667,CB13-0127,exact,,46.6339167,-90.8861667,9.5,clay,organic,equal,organic_plus,0,,,,,,,,,,,,,,,,0.7
CB13-0139,139,Z1_BandYES,,46.6653333,-90.7093333,CB13-0139,exact,,46.6653333,-90.7093333,1.3,silt,organic,equal,organic_plus,4,"rush, vallis, grass",invPF,CB13-0139,46.6653333,-90.7093333,,surface,24.48,,8.11,97.4,6.4,100.2,8.24,,
CB13-0328,328,Z2_BandYES,,46.5972167,-90.88675,CB13-0328,exact,,46.5972167,-90.88675,4,organic,sand,prim/secd,organic_plus,0,,,,,,,,,,,,,,,,
CB13-1504,1504,Z4_BandYES,,46.7446667,-90.8811667,CB13-1504,exact,,46.7446667,-90.8811667,1.5,organic,sand,prim/secd,organic_plus,0,,invPF,CB13-1504,46.7446667,-90.8811667,,surface,18.76,,8.06,93.7,1.7,112.8,10.43,,
CB13-1552,1552,Z4_BandYES,,46.7508333,-90.8843333,CB13-1552,exact,,46.7508333,-90.8843333,3,sand,organic,equal,organic_plus,3,potam,invPF,CB13-1552,46.7508333,-90.8843333,,surface,18.8,,8,93.8,1.7,111.1,10.22,,
CB13-1560BS,1560,Z4_BandYES,Matched to sled,46.789,-90.8506667,CB13-1560BS,exact,,46.789,-90.8506667,2.9,organic,,onlyprim,organic_plus,0,,,,,,,,,,,,,,,,
APIS17_02T,02T,target,APIS Dock,47.0328,-90.65193,APIS17_02T,exact,,47.0328,-90.65193,2.2,sand,,onlyprim,sand_only,,,approx,ZT 25m W of WQ,47.0328,-90.65193,hydrolab data,surface,17.7,,8.12,14.2,0,107.2,9.93,,
APIS17_03T,03T,target,APIS Dock,47.0294,-90.6752,APIS17_03T,approx,100m E of HAB,47.0294,-90.6752,2,sand,,onlyprim,sand_only,,,approx,ZT 100m E of WQ,47.0294,-90.6752,hydrolab data,surface,17.61,,8.18,13.7,0,107.6,10.16,,
APIS17_04T,04T,target,River Mouth,47.03452,-90.89558,APIS17_04T,exact,,47.03451,-90.89558,31,sand,,onlyprim,sand_only,,,exact,,47.03451,-90.89558,hydrolab data,surface,16.9,,7.81,14.2,0,104.8,9.98,,
APIS17_08T,08T,target,APIS Mooring,46.99107,-90.9269,APIS17_08T,exact,,46.99106,-90.9269,2.8,sand,,onlyprim,sand_only,,,exact,,46.99106,-90.9269,hydrolab data,surface,16.44,,8.06,13.8,0,107.9,10.26,,
APIS17_09T,09T,target,APIS Dock,46.98048,-90.9344,APIS17_09T,exact,,46.98048,-90.9344,1.9,sand,,onlyprim,sand_only,,,exact,,46.98048,-90.9344,hydrolab data,surface,15.55,,8,13.8,2.1,107.9,10.55,,
APIS17_10R,10R,random,random,46.91278,-90.56328,APIS17_10R,exact,20 m,46.91265,-90.56345,43.6,sand,,onlyprim,sand_only,,,exact,,46.9125,-90.56333,CTD data,surface: 2 m,17.206,,8.281,99.676,,,9.403,,0.467
APIS17_11T,11T,target,Near Private Dock,46.97928,-90.93265,APIS17_11T,exact,,46.97928,-90.93265,3.1,sand,,onlyprim,sand_only,,,exact,,46.97928,-90.93265,hydrolab data,surface,16.23,,8.1,13.6,0,106.1,10.02,,
APIS17_13T,13T,target,APIS Mooring,46.972,-90.78995,APIS17_13T,exact,,46.972,-90.78995,3.8,sand,,onlyprim,sand_only,,,approx,ZT 55m E of WQ,46.972,-90.78995,hydrolab data,surface,16.99,,8.12,13.9,1.4,106.8,10.1,,
APIS17_15T,15T,target,APIS Mooring,46.96928,-90.79305,APIS17_15T,approx,10m E of HAB,46.96928,-90.79305,4.4,sand,,onlyprim,sand_only,,,approx,ZT 10m E of WQ,46.96928,-90.79305,hydrolab data,surface,17.26,,8.12,13.8,0,107.7,10.14,,
APIS17_16R,16R,random,random,46.89033,-90.65942,APIS17_16R,approx,44 m,46.8906,-90.65985,73,sand,,onlyprim,sand_only,,,exact,,46.8905,-90.65866,CTD data,surface: 2 m,17.4833,,8.295,99.436,,,9.3097,,0.48
APIS17_18R,18R,random,random,47.02125,-90.72822,APIS17_18R,exact,,47.02125,-90.72821,38,sand,,onlyprim,sand_only,,,exact,,47.02125,-90.72821,hydrolab data,surface,16.68,,7.87,14.4,2,106.5,10.07,,
APIS17_18T,18T,target,Near Private Dock,46.97132,-90.97465,APIS17_18T,approx,209m W of HAB,46.97131,-90.97465,3,sand,,onlyprim,sand_only,,,approx,ZT 209m W of WQ,46.97131,-90.97465,hydrolab data,surface,17.15,,8,14.7,3,105.6,9.96,,
APIS17_19T,19T,target,APIS Mooring,46.9603,-90.72948,APIS17_19T,exact,,46.9603,-90.72948,8,sand,,onlyprim,sand_only,,,exact,,46.9603,-90.72948,hydrolab data,surface,17.37,,8.14,14.2,0,118.8,10.1,,
APIS17_22T,22T,target,Near Private Dock,46.96162,-90.93503,APIS17_22T,exact,,46.96161,-90.93503,2.6,sand,,onlyprim,sand_only,,,exact,,46.96161,-90.93503,hydrolab data,surface,17.16,,8.06,14.4,3,107.8,10.21,,
APIS17_28T,28T,target,Near Private Dock,46.94152,-90.82928,APIS17_28T,approx,"West of HAB, distance unknown",46.94151,-90.82928,2,sand,,onlyprim,sand_only,,,exact,,46.94151,-90.82928,hydrolab data,surface,16.84,,7.98,14.6,0.6,105.9,9.97,,
APIS17_29T,29T,target,APIS Mooring,46.92715,-90.53827,APIS17_29T,loc_off,445 m,46.93008,-90.54225,5.1,sand,,onlyprim,sand_only,,,exact,,46.9285,-90.5405,CTD data,surface: 2 m,16.6781,,8.314,99.519,,,9.4282,,0.4358
APIS17_31T,31T,target,APIS Dock,46.92862,-90.76915,APIS17_31T,approx,180m S of HAB,46.92861,-90.76915,2,sand,,onlyprim,sand_only,,,approx,ZT 180m S of WQ,46.92861,-90.76915,hydrolab data,surface,18.63,,8.18,14,0,109.2,9.96,,
APIS17_32T,32T,target,APIS Mooring,46.91895,-90.54143,APIS17_32T,approx,43 m,46.919,-90.54086,9.1,sand,,onlyprim,sand_only,,,exact,,46.91933,-90.5415,CTD data,surface: 2.5 m,16.5305,,8.321,99.472,,,9.455,,0.5235
APIS17_35T,35T,target,APIS Mooring,46.91518,-90.53753,APIS17_35T,approx,35 m,46.91513,-90.53708,16.3,sand,,onlyprim,sand_only,,,exact,,46.91516,-90.53733,CTD data,surface: 2 m,16.6948,,8.289,99.519,,,9.4313,,0.4821
APIS17_36T,36T,target,APIS Mooring,46.91273,-90.55655,APIS17_36T,approx,184 m,46.91285,-90.55413,6.5,sand,,onlyprim,sand_only,,,exact,,46.91266,-90.55416,CTD data,surface: 2 m,17.5474,,8.285,99.714,,,9.3889,,0.412
APIS17_40T,40T,target,Near Private Dock,46.87805,-90.61322,APIS17_40T,loc_off,269 m,46.87596,-90.61141,6.1,sand,,onlyprim,sand_only,,,exact,,46.87683,-90.6125,CTD data,surface: 2 m,16.8362,,8.265,99.677,,,9.3378,,0.4529
APIS17_43T,43T,target,APIS Dreissenid,46.85472,-90.5137,APIS17_43T,approx,85 m,46.85403,-90.51321,58,sand,,onlyprim,sand_only,,,exact,,46.85466,-90.51283,CTD data,surface: 2 m,16.8502,16.8502,8.011,33.366,,,9.3536,9.3536,0.432
APIS17_47T,47T,target,Near Private Dock,46.8445,-90.78617,APIS17_47T,exact,,46.8445,-90.78616,4.3,sand,,onlyprim,sand_only,,,approx,ZT 110m N of WQ,46.8445,-90.78616,hydrolab data,surface,17.11,,8.09,14.8,0,105.4,9.98,,
APIS17_48T,48T,target,Near Private Dock,46.82242,-90.79838,APIS17_48T,exact,,46.82241,-90.79838,8,sand,,onlyprim,sand_only,,,exact,,46.82241,-90.79838,hydrolab data,surface,16.93,,8.17,14.2,0,109.2,10.28,,
APIS17_50T,50T,target,Near Private Dock,46.80268,-90.73563,APIS17_50T,exact,,46.80268,-90.73563,5,sand,,onlyprim,sand_only,,,exact,,46.80268,-90.73563,hydrolab data,surface,18.33,,8.19,15.1,0,108.5,10,,
APIS17_51R,51R,random,random,46.87222,-90.46748,APIS17_51R,approx,183 m,46.8726,-90.46981,7.5,sand,,onlyprim,sand_only,,,exact,,46.8725,-90.4695,CTD data,surface: 2 m,16.8502,,8.271,99.454,,,9.3536,,0.4551
APIS17_54R,54R,random,random,46.88232,-90.45358,APIS17_54R,approx,29 m,46.88241,-90.45323,11.3,sand,,onlyprim,sand_only,,,exact,,46.88233,-90.45366,CTD data,surface: 2 m,17.2757,,8.354,99.404,,,9.3383,,0.4318
APIS17_54T,54T,target,Near Private Dock,46.7607,-90.78963,APIS17_54T,exact,,46.7607,-90.78963,2,sand,,onlyprim,sand_only,,,exact,,46.7607,-90.78963,hydrolab data,surface,18.87,,8.15,15.6,2.5,107.5,9.86,,
APIS17_56R,56R,random,random,46.99007,-90.60502,APIS17_56R,exact,13 m,46.98995,-90.605,8.1,sand,,onlyprim,sand_only,,,exact,,46.99033,-90.605,CTD data,surface: 2 m,16.8513,,8.295,99.602,,,9.3131,,0.5676
APIS17_57R,57R,random,random,47.03968,-90.65807,APIS17_57R,exact,,47.03968,-90.65806,7.4,sand,,onlyprim,sand_only,,,exact,,47.03968,-90.65806,hydrolab data,surface,17.05,,8.1,14.3,0.9,104.3,9.87,,
APIS17_58R,58R,random,random,46.98705,-90.99392,APIS17_58R,exact,,46.98705,-90.99391,19.5,sand,,onlyprim,sand_only,,,exact,,46.98705,-90.99391,hydrolab data,surface,17.45,,7.92,14.7,1.3,106.7,10.02,,
APIS17_61R,61R,random,random,47.04058,-90.69648,APIS17_61R,exact,,47.04058,-90.69648,13.3,sand,,onlyprim,sand_only,,,exact,,47.04058,-90.69648,hydrolab data,surface,17.13,,8.09,14.2,0,104.8,9.93,,
APIS17_70R,70R,random,random,46.9612,-90.97425,APIS17_70R,exact,,46.9612,-90.97425,10.7,sand,,onlyprim,sand_only,,,exact,,46.9612,-90.97425,hydrolab data,surface,17.02,,8.1,14.4,2.2,105.1,9.97,,
APIS17_73R,73R,random,random,47.07132,-90.73848,APIS17_73R,exact,,47.07131,-90.73848,22,sand,,onlyprim,sand_only,,,exact,,47.07131,-90.73848,hydrolab data,surface,16.97,,8.09,14,2,103.6,9.87,,
APIS17_74R,74R,random,random,46.98718,-90.85163,APIS17_74R,exact,,46.98718,-90.85163,6.8,sand,,onlyprim,sand_only,,,exact,,46.98718,-90.85163,hydrolab data,surface,16.71,,8.03,13.9,0.8,105.3,10.05,,
CB13-0002,2,Z2_BandNO,,46.6708333,-90.7886167,CB13-0002,exact,,46.6708333,-90.7886167,3.8,sand,,onlyprim,sand_only,0,,,,,,,,,,,,,,,,
CB13-0010,10,Z1_BandYES,,46.7272833,-90.79575,CB13-0010,exact,,46.7272833,-90.79575,1,sand,,onlyprim,sand_only,0,,,,,,,,,,,,,,,,
CB13-0020,20,Z3_BandNO,,46.6128333,-90.928,CB13-0020,exact,,46.6128333,-90.928,3.6,sand,,onlyprim,sand_only,1,vallis,invPF,CB13-0020,46.6128333,-90.928,,surface,14.7,,7.46,94.1,5.5,104.3,10.51,,
CB13-0023,23,Z1_BandNO,,46.70595,-90.7967,CB13-0023,exact,,46.70595,-90.7967,4.9,sand,,onlyprim,sand_only,0,,,,,,,,,,,,,,,,
CB13-0025,25,Z1_BandYES,,46.6891667,-90.73685,CB13-0025,exact,,46.6891667,-90.73685,0.8,sand,,onlyprim,sand_only,0,,invPF,CB13-0025,46.6891667,-90.73685,,surface,23.04,,9.08,96.1,2.6,108.2,9,,
CB13-0026,26,Z1_BandNO,,46.7165,-90.77595,CB13-0026,exact,,46.7165,-90.77595,1.5,sand,,onlyprim,sand_only,0,,,,,,,,,,,,,,,,
CB13-0031,31,Z3_BandYES,,46.638,-90.9186667,CB13-0031,exact,,46.638,-90.9186667,1.5,sand,,onlyprim,sand_only,3,broad-leaved potam,invPF,CB13-0031,46.638,-90.9186667,,surface,20.42,,8.17,97.7,3.8,114.8,10.11,,
CB13-0032,32,Z3_BandYES,,46.6126667,-90.9331667,CB13-0032,exact,,46.6126667,-90.9331667,1.5,sand,,onlyprim,sand_only,1,"potam, vallis",invPF,CB13-0032,46.6126667,-90.9331667,,surface,17.7,,7.58,97.8,7.1,102.7,9.66,,
CB13-0034,34,Z2_BandNO,,46.6678667,-90.7978833,CB13-0034,exact,,46.6678667,-90.7978833,3.9,sand,,onlyprim,sand_only,0,,,,,,,,,,,,,,,,
CB13-0035,35,Z1_BandYES,,46.7295,-90.8109,CB13-0035,exact,,46.7295,-90.8109,2.7,sand,,onlyprim,sand_only,0,,,,,,,,,,,,,,,,
CB13-0041,41,Z1_BandYES,,46.69725,-90.7472833,CB13-0041,exact,,46.69725,-90.7472833,0.8,sand,,onlyprim,sand_only,0,,,,,,,,,,,,,,,,
CB13-0045,45,Z1_BandYES,,46.6691667,-90.7228333,CB13-0045,exact,,46.6691667,-90.7228333,0.8,sand,,onlyprim,sand_only,0,,invPF,CB13-0045,46.6691667,-90.7228333,,surface,24.56,,8.91,95.5,3.1,111.3,9.26,,
CB13-0045BS,45,Z1_BandYES,Matched to sled,46.6685,-90.7235,CB13-0045BS,exact,,46.6685,-90.7235,1,sand,,onlyprim,sand_only,0,,,,,,,,,,,,,,,,
CB13-0054,54,Z1_BandYES,,46.6989833,-90.7499667,CB13-0054,exact,,46.6989833,-90.7499667,0.8,sand,,onlyprim,sand_only,0,,,,,,,,,,,,,,,,
CB13-0054BS,54,Z1_BandYES,Matched to sled,46.6985,-90.7503333,CB13-0054BS,exact,,46.6985,-90.7503333,1,sand,,onlyprim,sand_only,0,,,,,,,,,,,,,,,,
CB13-0057,57,Z1_BandYES,,46.68515,-90.7313167,CB13-0057,exact,,46.68515,-90.7313167,0.9,sand,,onlyprim,sand_only,0,,,,,,,,,,,,,,,,
CB13-0058,58,Z1_BandNO,,46.72025,-90.7868333,CB13-0058,exact,,46.72025,-90.7868333,2.3,sand,,onlyprim,sand_only,0,,,,,,,,,,,,,,,,
CB13-0061,61,Z1_BandNO,,46.69395,-90.7586,CB13-0061,exact,,46.69395,-90.7586,4.3,sand,,onlyprim,sand_only,1,native milfoil?,,,,,,,,,,,,,,,
CB13-0064,64,Z3_BandYES,,46.6063333,-90.9405,CB13-0064,exact,,46.6063333,-90.9405,1.1,sand,,onlyprim,sand_only,3,"vallis, elodea, najas",invPF,CB13-0064,46.6063333,-90.9405,,surface,20.46,,7.86,104.1,9.3,104.8,9.28,,
CB13-0066,66,Z1_BandNO,,46.6829,-90.7727833,CB13-0066,exact,,46.6829,-90.7727833,4.5,sand,,onlyprim,sand_only,0,,,,,,,,,,,,,,,,
CB13-0069,69,Z2_BandYES,,46.6182833,-90.8264,CB13-0069,exact,,46.6182833,-90.8264,1,sand,,onlyprim,sand_only,0,,,,,,,,,,,,,,,,
CB13-0073,73,Z1_BandNO,,46.6825,-90.74795,CB13-0073,exact,,46.6825,-90.74795,3.7,sand,,onlyprim,sand_only,1,vallis,,,,,,,,,,,,,,,
CB13-0074,74,Z1_BandNO,,46.7255833,-90.7905333,CB13-0074,exact,,46.7255833,-90.7905333,1,sand,,onlyprim,sand_only,0,,,,,,,,,,,,,,,,
CB13-0076,76,Z3_BandYES,,46.6513333,-90.9146667,CB13-0076,exact,,46.6513333,-90.9146667,2.8,sand,,onlyprim,sand_only,2,vallis,invPF,CB13-0076,46.6513333,-90.9146667,,surface,20.23,,7.93,96.3,3.3,108.5,9.71,,
CB13-0077,77,Z1_BandYES,,46.671,-90.7416667,CB13-0077,exact,,46.671,-90.7416667,1,sand,,onlyprim,sand_only,0,,invPF,CB13-0077,46.671,-90.7416667,,surface,26.09,,8.54,95.5,5.2,113.6,9.09,,
CB13-0083,83,Z1_BandYES,,46.7277667,-90.8056333,CB13-0083,exact,,46.7277667,-90.8056333,1.5,sand,,onlyprim,sand_only,0,,,,,,,,,,,,,,,,
CB13-0086,86,Z3_BandYES,,46.6863333,-90.862,CB13-0086,exact,,46.6863333,-90.862,1.7,sand,,onlyprim,sand_only,0,,invPF,CB13-0086,46.6863333,-90.862,,surface,18.5,,8.1,94.6,3.6,106.7,9.9,,
CB13-0086BS,86,Z3_BandYES,Matched to sled,46.6865,-90.8618333,CB13-0086BS,exact,,46.6865,-90.8618333,2.3,sand,,onlyprim,sand_only,0,,,,,,,,,,,,,,,,
CB13-0088,88,Z3_BandYES,,46.6676667,-90.893,CB13-0088,exact,,46.6676667,-90.893,1.2,sand,,onlyprim,sand_only,0,,invPF,CB13-0088,46.6676667,-90.893,,surface,19.2,,7.9,96,4.8,105.6,9.6,,
CB13-0090,90,Z1_BandYES,,46.7190167,-90.7734,CB13-0090,exact,,46.7190167,-90.7734,1,sand,,onlyprim,sand_only,0,,,,,,,,,,,,,,,,
CB13-0092,92,Z3_BandYES,,46.6406667,-90.9176667,CB13-0092,exact,,46.6406667,-90.9176667,2.2,sand,,onlyprim,sand_only,0,,invPF,CB13-0092,46.6406667,-90.9176667,,surface,20.34,,8.2,96.9,3.5,112.8,10.06,,
CB13-0094,94,Z3_BandYES,,46.701,-90.853,CB13-0094,exact,,46.701,-90.853,1.7,sand,,onlyprim,sand_only,0,,invPF,CB13-0094,46.701,-90.853,,surface,20,,8.1,94.4,3.4,110.5,9.9,,
CB13-0095,95,Z3_BandYES,,46.6265,-90.9228333,CB13-0095,exact,,46.6265,-90.9228333,1.3,sand,,onlyprim,sand_only,4,curly-leaf potam,invPF,CB13-0095,46.6265,-90.9228333,,surface,15.7,,7.5,94.4,5.3,104.3,10.18,,
CB13-0097,97,Z2_BandYES,,46.62275,-90.8090667,CB13-0097,exact,,46.62275,-90.8090667,1.6,sand,,onlyprim,sand_only,0,,invPF,CB13-0097,46.62275,-90.8090667,,surface,18.86,,8.67,94.5,3.8,114,10.46,,
CB13-0097BS,97,Z2_BandYES,Matched to sled,46.6225,-90.8091667,CB13-0097BS,exact,,46.6225,-90.8091667,1.4,sand,,onlyprim,sand_only,0,,,,,,,,,,,,,,,,
CB13-0101,101,Z2_BandYES,,46.6293667,-90.7848333,CB13-0101,exact,,46.6293667,-90.7848333,1.2,sand,,onlyprim,sand_only,1,vallis,invPF,CB13-0101,46.6293667,-90.7848333,,surface,20.57,,8.83,97.1,7.4,104.1,9.2,,
CB13-0105,105,Z1_BandYES,,46.6968,-90.74745,CB13-0105,exact,,46.6968,-90.74745,0.8,sand,,onlyprim,sand_only,0,,,,,,,,,,,,,,,,
CB13-0117,117,Z2_BandYES,,46.663,-90.761,CB13-0117,exact,,46.663,-90.761,1.2,sand,,onlyprim,sand_only,3,vallis,invPF,CB13-0117,46.663,-90.761,,surface,25.1,,8.52,97.5,5.6,111.2,9.03,,
CB13-0121,121,Z1_BandYES,,46.6829167,-90.72785,CB13-0121,exact,,46.6829167,-90.72785,0.8,sand,,onlyprim,sand_only,0,,,,,,,,,,,,,,,,
CB13-0126,126,Z3_BandYES,,46.7056667,-90.8573333,CB13-0126,exact,,46.7056667,-90.8573333,1.6,sand,,onlyprim,sand_only,0,,invPF,CB13-0126,46.7056667,-90.8573333,,surface,20,,8.1,94.8,3,111.1,10,,
CB13-0136,136,Z3_BandYES,,46.6718333,-90.8838333,CB13-0136,exact,,46.6718333,-90.8838333,1.4,sand,,onlyprim,sand_only,0,,invPF,CB13-0136,46.6718333,-90.8838333,,surface,18.99,,7.99,96.7,3.7,107.4,9.9,,
CB13-0140,140,Z3_BandYES,,46.6565,-90.915,CB13-0140,exact,,46.6565,-90.915,0.6,sand,,onlyprim,sand_only,0,,invPF,CB13-0140,46.6565,-90.915,,surface,20.19,,8.37,97.4,3.5,113.7,10.18,,
CB13-0141,141,Z1_BandYES,,46.6706667,-90.7378333,CB13-0141,exact,,46.6706667,-90.7378333,1.1,sand,,onlyprim,sand_only,0,,invPF,CB13-0141,46.6706667,-90.7378333,,surface,25.59,,8.62,95.8,4.1,111.7,8.98,,0.9
CB13-0143,143,Z3_BandYES,,46.6265,-90.921,CB13-0143,exact,,46.6265,-90.921,2,sand,,onlyprim,sand_only,0,,invPF,CB13-0143,46.6265,-90.921,,surface,15.49,,7.48,94.2,5.2,103.5,10.18,,
CB13-0147,147,Z1_BandYES,,46.7283833,-90.7989333,CB13-0147,exact,,46.7283833,-90.7989333,1,sand,,onlyprim,sand_only,0,,,,,,,,,,,,,,,,
CB13-0149BS,149,Z2_BandYES,Matched to sled,46.6413333,-90.7621,CB13-0149BS,exact,,46.6413333,-90.7621,1,sand,,onlyprim,sand_only,2,"potam, vallis",,,,,,,,,,,,,,,
CB13-0150,150,Z3_BandYES,,46.69,-90.8578333,CB13-0150,exact,,46.69,-90.8578333,1.7,sand,,onlyprim,sand_only,0,,invPF,CB13-0150,46.69,-90.8578333,,surface,18.3,,8,94.9,3.7,105.7,9.8,,
CB13-0152,152,Z3_BandYES,,46.6778333,-90.8721667,CB13-0152,exact,,46.6778333,-90.8721667,3.4,sand,,onlyprim,sand_only,3,vallis,invPF,CB13-0152,46.6778333,-90.8721667,,surface,18.9,,8,94.9,3.9,104.8,9.6,,
CB13-0153,153,Z1_BandYES,,46.6914167,-90.7423667,CB13-0153,exact,,46.6914167,-90.7423667,0.8,sand,,onlyprim,sand_only,1,narrow leaf potam,,,,,,,,,,,,,,,
CB13-0155,155,Z1_BandYES,,46.6635,-90.7001667,CB13-0155,exact,,46.6635,-90.7001667,1.2,sand,,onlyprim,sand_only,1,"vallis, potam",invPF,CB13-0155,46.6635,-90.7001667,,surface,24.64,,8.01,104.5,3.2,110.1,8.92,,
CB13-0156,156,Z3_BandYES,,46.6451667,-90.9153333,CB13-0156,exact,,46.6451667,-90.9153333,1.3,sand,,onlyprim,sand_only,0,,invPF,CB13-0156,46.6451667,-90.9153333,,surface,20.4,,8.17,96.3,3.7,112.7,10.01,,
CB13-0157,157,Z1_BandYES,,46.6696667,-90.7291667,CB13-0157,exact,,46.6696667,-90.7291667,1.1,sand,,onlyprim,sand_only,0,,invPF,CB13-0157,46.6696667,-90.7291667,,surface,24.71,,8.54,95.5,3,115.8,9.5,,
CB13-0158,158,Z3_BandYES,,46.6925,-90.8545,CB13-0158,exact,,46.6925,-90.8545,2,sand,,onlyprim,sand_only,0,,invPF,CB13-0158,46.6925,-90.8545,,surface,18.3,,8,94.8,3.7,106,9.9,,
CB13-0161,161,Z2_BandYES,,46.6218833,-90.8159,CB13-0161,exact,,46.6218833,-90.8159,1.6,sand,,onlyprim,sand_only,0,,invPF,CB13-0161,46.6218833,-90.8159,,surface,18.82,,8.78,94.3,3.8,135.5,12.14,,
CB13-0167,167,Z3_BandYES,,46.7241667,-90.8691667,CB13-0167,exact,,46.7241667,-90.8691667,2.6,sand,,onlyprim,sand_only,0,,invPF,CB13-0167,46.7241667,-90.8691667,,surface,19.3,,8,94.8,2.6,107.3,9.8,,
CB13-0168,168,Z3_BandYES,,46.6801667,-90.8676667,CB13-0168,exact,,46.6801667,-90.8676667,1.8,sand,,onlyprim,sand_only,0,,invPF,CB13-0168,46.6801667,-90.8676667,,surface,18.3,,8,94.4,3.4,107.2,9.9,,
CB13-0174,174,Z3_BandYES,,46.7138333,-90.8623333,CB13-0174,exact,,46.7138333,-90.8623333,2.4,sand,,onlyprim,sand_only,2,narrow-leaf potam,invPF,CB13-0174,46.7138333,-90.8623333,,surface,19.7,,8,94.2,2.9,108.5,9.8,,
CB13-0176,176,Z2_BandYES,,46.5903333,-90.9398333,CB13-0176,exact,,46.5903333,-90.9398333,0.9,sand,,onlyprim,sand_only,0,,invPF,CB13-0176,46.5903333,-90.9398333,,surface,19.55,,7.74,159.6,8.8,105.4,9.52,,
CB13-0177,177,Z2_BandYES,,46.6189167,-90.8266167,CB13-0177,exact,,46.6189167,-90.8266167,1.1,sand,,onlyprim,sand_only,0,,,,,,,,,,,,,,,,
CB13-0180,180,Z2_BandYES,,46.6001833,-90.8748833,CB13-0180,exact,,46.6001833,-90.8748833,1.2,sand,,onlyprim,sand_only,3,"typha, lily ",,,,,,,,,,,,,,,
CB13-0182,182,Z1_BandYES,,46.7225,-90.7795167,CB13-0182,exact,,46.7225,-90.7795167,1,sand,,onlyprim,sand_only,0,,,,,,,,,,,,,,,,
CB13-0185,185,Z1_BandYES,,46.6815833,-90.7256333,CB13-0185,exact,,46.6815833,-90.7256333,0.8,sand,,onlyprim,sand_only,0,,,,,,,,,,,,,,,,
CB13-0202,202,Z1_BandYES,,46.7141667,-90.7712333,CB13-0202,exact,,46.7141667,-90.7712333,1,sand,,onlyprim,sand_only,0,,,,,,,,,,,,,,,,
CB13-0204,204,Z3_BandYES,,46.6606667,-90.911,CB13-0204,exact,,46.6606667,-90.911,0.8,sand,,onlyprim,sand_only,0,,invPF,CB13-0204,46.6606667,-90.911,,surface,21.05,,8.39,100.3,4.8,116.6,10.25,,
CB13-0207,207,Z3_BandYES,,46.6318333,-90.9191667,CB13-0207,exact,,46.6318333,-90.9191667,1.7,sand,,onlyprim,sand_only,0,,invPF,CB13-0207,46.6318333,-90.9191667,,surface,20.11,,8.09,96.4,3.4,112.6,10.06,,
CB13-0209,209,Z2_BandYES,,46.6277333,-90.7898,CB13-0209,exact,,46.6277333,-90.7898,1.6,sand,,onlyprim,sand_only,1,vallis,invPF,CB13-0209,46.6277333,-90.7898,,surface,20.4,,8.85,95.7,5.3,108.3,9.62,,
CB13-0212,212,Z2_BandYES,,46.5929667,-90.8941,CB13-0212,exact,,46.5929667,-90.8941,2.8,sand,,onlyprim,sand_only,0,,,,,,,,,,,,,,,,
CB13-0231,231,Z3_BandYES,,46.718,-90.8643333,CB13-0231,exact,,46.718,-90.8643333,1.8,sand,,onlyprim,sand_only,0,,invPF,CB13-0231,46.718,-90.8643333,,surface,19.7,,8,94.2,3.2,108.5,9.8,,
CB13-0235,235,Z3_BandYES,,46.7243333,-90.8705,CB13-0235,exact,,46.7243333,-90.8705,1.8,sand,,onlyprim,sand_only,0,,invPF,CB13-0235,46.7243333,-90.8705,,surface,18.8,,8.1,94.9,2.7,109.9,10.2,,
CB13-0238,238,Z3_BandYES,,46.7125,-90.8613333,CB13-0238,exact,,46.7125,-90.8613333,2.6,sand,,onlyprim,sand_only,1,wavy-leaf potam,invPF,CB13-0238,46.7125,-90.8613333,,surface,19.9,,8,95,2.9,108.5,9.8,,
CB13-0240,240,Z3_BandYES,,46.589,-90.9441667,CB13-0240,exact,,46.589,-90.9441667,0.9,sand,,onlyprim,sand_only,0,,invPF,CB13-0240,46.589,-90.9441667,,surface,18.49,,7.63,161.7,10.2,103.4,9.55,,
CB13-0244,244,Z2_BandYES,,46.60175,-90.87575,CB13-0244,exact,,46.60175,-90.87575,0.6,sand,,onlyprim,sand_only,0,,,,,,,,,,,,,,,,
CB13-0280,280,Z3_BandYES,,46.6663333,-90.8978333,CB13-0280,exact,,46.6663333,-90.8978333,1.4,sand,,onlyprim,sand_only,0,,invPF,CB13-0280,46.6663333,-90.8978333,,surface,19.1,,7.9,95,3.8,107,9.8,,
CB13-0293BS,293,Z2_BandYES,Matched to sled,46.641373,-90.762097,CB13-0293BS,exact,,46.641373,-90.762097,1,sand,,onlyprim,sand_only,2,"potam, vallis",,,,,,,,,,,,,,,
CB13-0296,296,Z3_BandYES,,46.6771667,-90.876,CB13-0296,exact,,46.6771667,-90.876,2,sand,,onlyprim,sand_only,2,chara,invPF,CB13-0296,46.6771667,-90.876,,surface,18.4,,8,94.8,3.4,107.7,10,,
CB13-0325,325,Z2_BandYES,,46.6142167,-90.835,CB13-0325,exact,,46.6142167,-90.835,1.4,sand,,onlyprim,sand_only,0,,,,,,,,,,,,,,,,
CB13-0342,342,Z3_BandYES,,46.6865,-90.8608333,CB13-0342,exact,,46.6865,-90.8608333,3.2,sand,,onlyprim,sand_only,0,,invPF,CB13-0342,46.6865,-90.8608333,,surface,18.4,,8.1,94.6,3.3,107.6,9.96,,
CB13-0344,344,Z3_BandYES,,46.6675,-90.8938333,CB13-0344,exact,,46.6675,-90.8938333,1.1,sand,,onlyprim,sand_only,0,,invPF,CB13-0344,46.6675,-90.8938333,,surface,19.2,,7.95,95,3.2,107.1,9.7,,
CB13-0350,350,Z3_BandYES,,46.7035,-90.8555,CB13-0350,exact,,46.7035,-90.8555,2,sand,,onlyprim,sand_only,0,,invPF,CB13-0350,46.7035,-90.8555,,surface,17.59,,8.85,92.3,3.2,121.4,11.37,,
CB13-0351,351,Z3_BandYES,,46.624,-90.926,CB13-0351,exact,,46.624,-90.926,1.3,sand,,onlyprim,sand_only,0,,invPF,CB13-0351,46.624,-90.926,,surface,21.46,,8.63,91.9,6.2,130.6,11.11,,
CB13-0353,353,Z2_BandYES,,46.62355,-90.8070333,CB13-0353,exact,,46.62355,-90.8070333,1.6,sand,,onlyprim,sand_only,0,,invPF,CB13-0353,46.62355,-90.8070333,,surface,19.38,,8.86,94.9,3.3,137.3,12.07,,
CB13-0356,356,Z2_BandYES,,46.6023167,-90.8673167,CB13-0356,exact,,46.6023167,-90.8673167,1,sand,,onlyprim,sand_only,3,"chara, potam",,,,,,,,,,,,,,,
CB13-0417,417,Z2_BandYES,,46.6209833,-90.8173333,CB13-0417,exact,,46.6209833,-90.8173333,1.5,sand,,onlyprim,sand_only,0,,invPF,CB13-0417,46.6209833,-90.8173333,,surface,18.52,,8.78,94,3.6,127.9,11.67,,
CB13-1501,1501,Z4_BandYES,,46.7304333,-90.81025,CB13-1501,exact,,46.7304333,-90.81025,1.5,sand,,onlyprim,sand_only,0,,,,,,,,,,,,,,,,
CB13-1503,1503,Z4_BandYES,,46.9328333,-90.8225,CB13-1503,exact,,46.9328333,-90.8225,1.1,sand,,onlyprim,sand_only,0,,invPF,CB13-1503,46.9328333,-90.8225,,surface,21.6,,8.77,95.4,17.2,105.5,9.16,,
CB13-1505,1505,Z4_BandYES,,46.816,-90.8083333,CB13-1505,exact,,46.816,-90.8083333,5,sand,,onlyprim,sand_only,1,najas,invPF,CB13-1505,46.816,-90.8083333,,surface,19.02,,7.95,95.5,1.9,108.8,9.96,,
CB13-1507,1507,Z4_BandYES,,46.9485,-90.8278333,CB13-1507,exact,,46.9485,-90.8278333,5.1,sand,,onlyprim,sand_only,0,,invPF,CB13-1507,46.9485,-90.8278333,,surface,20.84,,8.88,93.9,1.9,107.2,9.47,,
CB13-1508,1508,Z4_BandYES,,46.789,-90.8358333,CB13-1508,exact,,46.789,-90.8358333,3.3,sand,,onlyprim,sand_only,0,,invPF,CB13-1508,46.789,-90.8358333,,surface,19.32,,8,96.3,2.3,107.4,9.76,,
CB13-1509,1509,Z4_BandYES,,46.8718333,-90.7705,CB13-1509,exact,,46.8718333,-90.7705,5.2,sand,,onlyprim,sand_only,1,chara,invPF,CB13-1509,46.8718333,-90.7705,,surface,19.9,,8,95.5,3.7,110.5,9.9,,
CB13-1512,1512,Z4_BandYES,,46.7726667,-90.8585,CB13-1512,exact,,46.7726667,-90.8585,6.4,sand,,onlyprim,sand_only,0,,invPF,CB13-1512,46.7726667,-90.8585,,surface,18.84,,7.95,94.8,1.7,108.2,9.93,,
CB13-1514,1514,Z4_BandYES,,46.9261667,-90.7846667,CB13-1514,exact,,46.9261667,-90.7846667,4,sand,,onlyprim,sand_only,0,,invPF,CB13-1514,46.9261667,-90.7846667,,surface,21.5,,8.99,94.1,1.4,106.8,9.29,,
CB13-1522,1522,Z4_BandYES,,46.8963333,-90.752,CB13-1522,exact,,46.8963333,-90.752,4.2,sand,,onlyprim,sand_only,0,,invPF,CB13-1522,46.8963333,-90.752,,surface,18.25,,7.98,95.1,3.1,106.7,9.94,,
CB13-1526,1526,Z4_BandYES,,46.9336667,-90.7915,CB13-1526,exact,,46.9336667,-90.7915,4.7,sand,,onlyprim,sand_only,0,,invPF,CB13-1526,46.9336667,-90.7915,,surface,21.4,,8.9,94,1.6,107.8,9.4,,
CB13-1533,1533,Z4_BandYES,,46.8071667,-90.8168333,CB13-1533,exact,,46.8071667,-90.8168333,3.9,sand,,onlyprim,sand_only,3,chara,invPF,CB13-1533,46.8071667,-90.8168333,,surface,18.82,,7.96,95.2,2,109.3,10.05,,
CB13-1538,1538,Z4_BandYES,,46.8993333,-90.755,CB13-1538,exact,,46.8993333,-90.755,2.9,sand,,onlyprim,sand_only,0,,invPF,CB13-1538,46.8993333,-90.755,,surface,18.16,,7.98,94.9,3.3,106.7,9.93,,
CB13-1542,1542,Z4_BandYES,,46.9248333,-90.7838333,CB13-1542,exact,,46.9248333,-90.7838333,2.6,sand,,onlyprim,sand_only,0,,invPF,CB13-1542,46.9248333,-90.7838333,,surface,21.3,,8.99,93.7,1.7,108.9,9.51,,
CB13-1545,1545,Z4_BandYES,,46.8711667,-90.771,CB13-1545,exact,,46.8711667,-90.771,4.5,sand,,onlyprim,sand_only,1,potam,invPF,CB13-1545,46.8711667,-90.771,,surface,20,,8,95.7,3.7,111.1,9.94,,
CB13-1549,1549,Z4_BandYES,,46.812,-90.8113333,CB13-1549,exact,,46.812,-90.8113333,3,sand,,onlyprim,sand_only,0,,invPF,CB13-1549,46.812,-90.8113333,,surface,18.75,,7.86,95,1.9,109,10.01,,
CB13-1554,1554,Z4_BandYES,,46.9051667,-90.761,CB13-1554,exact,,46.9051667,-90.761,3.5,sand,,onlyprim,sand_only,0,,invPF,CB13-1554,46.9051667,-90.761,,surface,18,,7.9,94.9,3.3,106.6,9.95,,
CB13-1557,1557,Z4_BandYES,,46.885,-90.754,CB13-1557,exact,,46.885,-90.754,2.6,sand,,onlyprim,sand_only,0,,invPF,CB13-1557,46.885,-90.754,,surface,18.6,,7.9,94.7,2.2,107.8,9.9,,
CB13-1559,1559,Z4_BandYES,,46.7296667,-90.873,CB13-1559,exact,,46.7296667,-90.873,1.1,sand,,onlyprim,sand_only,0,,invPF,CB13-1559,46.7296667,-90.873,,surface,19.29,,8.15,94.9,1.7,113.8,10.36,,
CB13-1562,1562,Z4_BandYES,,46.933,-90.8143333,CB13-1562,exact,,46.933,-90.8143333,3.1,sand,,onlyprim,sand_only,0,,invPF,CB13-1562,46.933,-90.8143333,,surface,21.19,,8.88,94.3,3.4,104,9.07,,
CB13-1563,1563,Z4_BandYES,,46.7493333,-90.883,CB13-1563,exact,,46.7493333,-90.883,2.9,sand,,onlyprim,sand_only,0,,invPF,CB13-1563,46.7493333,-90.883,,surface,18.77,,8.01,93.3,2,111.4,10.22,,
CB13-1565,1565,Z4_BandYES,,46.7319333,-90.8068,CB13-1565,exact,,46.7319333,-90.8068,1.5,sand,,onlyprim,sand_only,0,,,,,,,,,,,,,,,,
CB13-1570,1570,Z4_BandYES,,46.8906667,-90.7503333,CB13-1570,exact,,46.8906667,-90.7503333,2.6,sand,,onlyprim,sand_only,0,,invPF,CB13-1570,46.8906667,-90.7503333,,surface,18.2,,8,95.1,2.8,106.6,9.9,,
CB13-1571,1571,Z4_BandYES,,46.951,-90.8293333,CB13-1571,exact,,46.951,-90.8293333,5.4,sand,,onlyprim,sand_only,0,,invPF,CB13-1571,46.951,-90.8293333,,surface,20.88,,8.8,94.2,3.3,111.5,9.82,,
CB13-1578,1578,Z4_BandYES,,46.9297167,-90.7858167,CB13-1578,exact,,46.9297167,-90.7858167,5.8,sand,,onlyprim,sand_only,0,,,,,,,,,,,,,,,,
CB13-1579,1579,Z4_BandYES,,46.738,-90.877,CB13-1579,exact,,46.738,-90.877,2.2,sand,,onlyprim,sand_only,0,,invPF,CB13-1579,46.738,-90.877,,surface,19.21,,8.04,94.5,1.7,112.5,10.27,,
CB13-1585,1585,Z4_BandYES,,46.8278333,-90.7963333,CB13-1585,exact,,46.8278333,-90.7963333,1.4,sand,,onlyprim,sand_only,0,,invPF,CB13-1585,46.8278333,-90.7963333,,surface,19.38,,7.95,95.8,1.7,107.9,9.86,,
CB13-1587,1587,Z4_BandYES,,46.9528333,-90.8301667,CB13-1587,exact,,46.9528333,-90.8301667,6,sand,,onlyprim,sand_only,0,,invPF,CB13-1587,46.9528333,-90.8301667,,surface,20.85,,8.88,93.9,2.7,118.6,10.29,,
CB13-1593,1593,Z4_BandYES,,46.8618333,-90.7775,CB13-1593,exact,,46.8618333,-90.7775,1.4,sand,,onlyprim,sand_only,0,,invPF,CB13-1593,46.8618333,-90.7775,,surface,19.6,,7.9,95,2.5,109.8,9.9,,
CB13-1595,1595,Z4_BandYES,,46.7423333,-90.8788333,CB13-1595,exact,,46.7423333,-90.8788333,3,sand,,onlyprim,sand_only,0,,invPF,CB13-1595,46.7423333,-90.8788333,,surface,18.76,,8.03,94.9,1.8,113.2,10.5,,
CB13-1599,1599,Z4_BandYES,,46.9411667,-90.829,CB13-1599,exact,,46.9411667,-90.829,2.1,sand,,onlyprim,sand_only,0,,invPF,CB13-1599,46.9411667,-90.829,,surface,21.08,,8.66,93.4,22,104.1,9.11,,
CB13-1600BS,1600,Z4_BandYES,Matched to sled,46.7581667,-90.8815,CB13-1600BS,exact,,46.7581667,-90.8815,4,sand,,onlyprim,sand_only,4,potam,,,,,,,,,,,,,,,
CB13-1609,1609,Z4_BandYES,,46.8666667,-90.7745,CB13-1609,exact,,46.8666667,-90.7745,1.5,sand,,onlyprim,sand_only,0,,invPF,CB13-1609,46.8666667,-90.7745,,surface,19.6,,7.9,94.9,2.2,109.5,9.9,,
CB13-1618,1618,Z4_BandYES,,46.9068333,-90.7646667,CB13-1618,exact,,46.9068333,-90.7646667,5,sand,,onlyprim,sand_only,1,potam,invPF,CB13-1618,46.9068333,-90.7646667,,surface,18.1,,7.9,94.7,3.3,106.4,9.9,,
CB13-1622,1622,Z4_BandYES,,46.9193,-90.7809333,CB13-1622,exact,,46.9193,-90.7809333,5.5,sand,,onlyprim,sand_only,0,,,,,,,,,,,,,,,,
CB13-1625,1625,Z4_BandYES,,46.8431667,-90.7855,CB13-1625,exact,,46.8431667,-90.7855,1.7,sand,,onlyprim,sand_only,0,,invPF,CB13-1625,46.8431667,-90.7855,,surface,19.11,,8.01,95.16,3.3,108.1,9.82,,
CB13-1626,1626,Z4_BandYES,,46.9353333,-90.8285,CB13-1626,exact,,46.9353333,-90.8285,0.8,sand,,onlyprim,sand_only,0,,invPF,CB13-1626,46.9353333,-90.8285,Water is very turbid,surface,21.81,,8.28,90.4,112.3,103.2,8.64,,
CB13-1627,1627,Z4_BandYES,,46.7448333,-90.8818333,CB13-1627,exact,,46.7448333,-90.8818333,1,sand,,onlyprim,sand_only,0,,invPF,CB13-1627,46.7448333,-90.8818333,,surface,18.68,,8.02,93.3,1.7,112.4,10.33,,
CB13-1631,1631,Z4_BandYES,,46.9338333,-90.8236667,CB13-1631,exact,,46.9338333,-90.8236667,2.2,sand,,onlyprim,sand_only,0,,invPF,CB13-1631,46.9338333,-90.8236667,,surface,21.49,,8.77,94.8,13.9,107,9.28,,
CB13-1640,1640,Z4_BandYES,,46.7685,-90.8608333,CB13-1640,exact,,46.7685,-90.8608333,7,sand,,onlyprim,sand_only,0,,invPF,CB13-1640,46.7685,-90.8608333,,surface,18.57,,8.02,94,2.1,109,10.07,,
CB13-1649,1649,Z4_BandYES,,46.8241667,-90.7976667,CB13-1649,exact,,46.8241667,-90.7976667,2.2,sand,,onlyprim,sand_only,0,,invPF,CB13-1649,46.8241667,-90.7976667,,surface,18.84,,7.92,95.5,2,108.2,9.92,,
CB13-1651,1651,Z4_BandYES,,46.955,-90.8321667,CB13-1651,exact,,46.955,-90.8321667,5.6,sand,,onlyprim,sand_only,0,,invPF,CB13-1651,46.955,-90.8321667,,surface,20.86,,8.8,93.8,2.5,131,11.31,,
CB13-1652,1652,Z4_BandYES,,46.789,-90.8363333,CB13-1652,exact,,46.789,-90.8363333,2.6,sand,,onlyprim,sand_only,0,,invPF,CB13-1652,46.789,-90.8363333,,surface,19.5,,8,95.6,1.4,110.4,9.99,,
APIS17_01R,01R,random,random,46.99225,-90.43393,APIS17_01R,exact,16 m,46.99225,-90.43415,20,sand,clay,equal,sand_plus,,,exact,,46.992,-90.434,CTD data,surface: 2 m,16.7599,16.7599,7.992,33.1,,,9.5771,9.5771,0.474
APIS17_05R,05R,random,random,46.95882,-90.49452,APIS17_05R,approx,56 m,46.95923,-90.49493,52.5,sand,clay,equal,sand_plus,,,exact,,46.95883,-90.49416,CTD data,surface: 2.5 m,16.1282,,8.972,98.745,,,7.12,,0.4805
APIS17_06R,06R,random,random,46.90322,-90.55262,APIS17_06R,approx,41 m,46.90285,-90.5526,32.8,sand,clay,equal,sand_plus,,,exact,,46.90316,-90.55233,CTD data,surface: 2 m,16.998,,8.315,99.598,,,9.402,,0.424
APIS17_09R,09R,random,random,46.99395,-90.57362,APIS17_09R,approx,22 m,46.99406,-90.57338,46.7,sand,clay,equal,sand_plus,,,exact,,46.99416,-90.57416,CTD data,surface: 2 m,16.403,,8.313,99.527,,,9.284,,2.144
APIS17_11R,11R,random,random,46.95902,-90.64498,APIS17_11R,exact,13 m,46.95911,-90.6449,38.4,sand,silt,equal,sand_plus,,,exact,,46.95833,-90.645,CTD data,surface: 2 m,17.241,17.241,7.972,34.122,,,9.396,9.396,0.415
APIS17_17R,17R,random,random,46.9845,-90.64943,APIS17_17R,approx,26 m,46.98426,-90.6494,40,sand,silt,equal,sand_plus,,,exact,,46.9845,-90.64866,CTD data,surface: 2.5 m,17.6375,,8.252,99.618,,,9.3405,,0.4415
APIS17_19R,19R,random,random,46.94905,-90.49955,APIS17_19R,approx,46 m,46.94903,-90.49895,56,sand,clay,equal,sand_plus,,,exact,,46.949,-90.49916,CTD data,surface: 2 m,16.1083,,8.493,99.962,,,7.0914,,0.4597
APIS17_20R,20R,random,random,46.86958,-90.5224,APIS17_20R,approx,22 m,46.8696,-90.52211,71,sand,silt,equal,sand_plus,,,exact,,46.86916,-90.52133,CTD data,surface: 2.5 m,16.8502,16.8502,7.964,33.272,,,9.3536,9.3536,0.4336
APIS17_20T,20T,target,APIS Mooring,46.96008,-90.71965,APIS17_20T,exact,,46.96008,-90.71965,8,silt,sand,prim/secd,sand_plus,,,exact,,46.96008,-90.71965,hydrolab data,surface,18.13,,8.17,14.3,0,110.1,10.02,,
APIS17_21R,21R,random,random,46.99863,-90.58997,APIS17_21R,approx,49 m,46.9985,-90.58935,36.9,sand,clay,equal,sand_plus,,,exact,,47.00016,-90.591,CTD data,surface: 2 m,17.0126,,8.338,99.731,,,9.2437,,0.4697
APIS17_21T,21T,target,APIS Dock,46.95352,-90.67767,APIS17_21T,exact,2 m,46.95353,-90.67766,14.2,sand,silt,equal,sand_plus,,,exact,,46.95333,-90.67716,CTD data,surface: 2 m,17.232,17.232,8.029,34.021,,,9.472,9.472,0.5166
APIS17_22R,22R,random,random,46.96127,-90.59767,APIS17_22R,approx,21 m,46.9613,-90.5974,41.7,sand,cobble,prim/secd,sand_plus,,,exact,,46.96266,-90.5975,CTD data,surface: 2 m,16.8962,,8.32,99.566,,,9.338,,0.473
APIS17_23R,23R,random,random,46.91732,-90.6838,APIS17_23R,exact,18 m,46.91733,-90.68356,55.7,sand,silt,equal,sand_plus,,,exact,,46.9175,-90.6835,CTD data,surface: 2 m,18.0326,,8.301,99.799,,,9.3569,,0.4698
APIS17_24R,24R,random,random,46.85763,-90.71267,APIS17_24R,exact,12 m,46.8576,-90.71281,54.2,sand,silt,equal,sand_plus,,,exact,,46.8575,-90.71266,CTD data,surface: 2 m,17.2306,,8.231,99.709,,,9.8124,,0.4943
APIS17_25R,25R,random,random,47.02458,-90.70543,APIS17_25R,exact,,47.02458,-90.70543,36,silt,sand,prim/secd,sand_plus,,,exact,,47.02458,-90.70543,hydrolab data,surface,17.4,,8.1,13.8,0,107.4,9.92,,
APIS17_26T,26T,target,APIS Dock,46.94735,-90.88968,APIS17_26T,exact,,46.94735,-90.88968,2,sand,silt,prim/secd,sand_plus,,,exact,,46.94735,-90.88968,hydrolab data,surface,17.65,,7.98,14.9,0,104.9,9.68,,
APIS17_33T,33T,target,APIS Dock,46.91925,-90.60592,APIS17_33T,approx,111 m,46.92025,-90.606,5,sand,clay/silt,prim/secd,sand_plus,,,exact,,46.919,-90.6045,CTD data,surface: 2 m,16.9632,,8.315,99.785,,,9.486,,0.4561
APIS17_34T,34T,target,APIS Mooring,46.91862,-90.56042,APIS17_34T,exact,10 m,46.9186,-90.56028,12.3,sand,clay/silt,prim/secd,sand_plus,,,exact,,46.9185,-90.5605,CTD data,surface: 2 m,18.8092,,8.28,99.805,,,9.3406,,0.4431
APIS17_38T,38T,target,APIS Dreissenid,46.87823,-90.5196,APIS17_38T,exact,9 m,46.87823,-90.51971,56,sand,silt,equal,sand_plus,,,exact,,46.87816,-90.51933,CTD data,surface: 2 m,16.8502,16.8502,7.961,33.184,,,9.3536,9.3536,0.474
APIS17_39T,39T,target,APIS Dreissenid,46.87423,-90.5435,APIS17_39T,approx,32 m,46.87451,-90.54356,83.8,sand,silt,equal,sand_plus,,,exact,,46.87416,-90.54316,CTD data,surface: 2 m,16.8502,16.8502,7.828,33.044,,,9.3536,9.3536,0.4819
APIS17_42T,42T,target,Near Private Dock,46.87268,-90.77003,APIS17_42T,exact,,46.87268,-90.77003,5,clay,sand,prim/secd,sand_plus,,,exact,,46.87268,-90.77003,hydrolab data,surface,17.38,,8.1,14.6,1.7,106.5,9.99,,
APIS17_45T,45T,target,APIS Dock,46.85158,-90.7574,APIS17_45T,exact,,46.85158,-90.7574,2,sand,organic,prim/secd,sand_plus,,,exact,,46.85158,-90.7574,hydrolab data,surface,16.6,,8.08,14.1,0,107.2,10.13,,
APIS17_46T,46T,target,Near Private Dock,46.84063,-90.66573,APIS17_46T,approx,28 m,46.84088,-90.66576,8.2,sand,clay,equal,sand_plus,,,exact,,46.84066,-90.66616,CTD data,surface: 2 m,17.4407,,8.255,99.869,,,9.235,,1.3537
APIS17_49T,49T,target,Near Private Dock,46.80667,-90.81308,APIS17_49T,exact,,46.80666,-90.81308,26,silt,sand,prim/secd,sand_plus,,,exact,,46.80666,-90.81308,hydrolab data,surface,17.59,,8.15,14.3,2,108.7,10.23,,
APIS17_52R,52R,random,random,46.85772,-90.75248,APIS17_52R,exact,,46.85771,-90.75248,5,silt,sand,prim/secd,sand_plus,,,exact,,46.85771,-90.75248,hydrolab data,surface,18.63,,8.14,15.2,0,107.7,9.94,,
APIS17_55R,55R,random,random,46.9708,-90.74092,APIS17_55R,exact,,46.9708,-90.74091,26.5,clay,sand,prim/secd,sand_plus,,,exact,,46.97196,-90.7414,hydrolab data,surface,17.79,,8.1,14.3,0,106.8,9.91,,
APIS17_59R,59R,random,random,46.91448,-90.74575,APIS17_59R,exact,,46.91448,-90.74575,27,clay,sand,prim/secd,sand_plus,,,exact,,46.91448,-90.74575,hydrolab data,surface,17.28,,8.06,14.3,0,106.5,10.05,,
APIS17_60R,60R,random,random,46.98157,-90.47048,APIS17_60R,exact,8 m,46.98158,-90.47038,30.4,sand,clay/silt,prim/secd,sand_plus,,,exact,,46.982,-90.46966,CTD data,surface: 2 m,16.7599,16.7599,7.987,33.165,,,9.5771,9.5771,0.4823
APIS17_62R,62R,random,random,46.94608,-90.94193,APIS17_62R,exact,,46.94608,-90.94193,6.5,sand,silt,prim/secd,sand_plus,,,exact,,46.94608,-90.94193,hydrolab data,surface,16.38,,7.98,14.1,0,106.3,10.17,,
APIS17_69R,69R,random,random,46.99818,-90.56703,APIS17_69R,approx,53 m,46.99793,-90.56643,6.7,sand,clay,equal,sand_plus,,,exact,,46.99783,-90.566,CTD data,surface: 2 m,16.6816,,8.36,99.568,,,9.2749,,0.4545
APIS17_71R,71R,random,random,46.9123,-90.7292,APIS17_71R,exact,,46.9123,-90.7292,11,clay,sand,prim/secd,sand_plus,,,exact,,46.9123,-90.7292,hydrolab data,surface,17.32,,8.11,14.1,1.8,107.1,10.02,,
APIS17_72R,72R,random,random,47.00288,-90.4713,APIS17_72R,loc_off,228 m,47.00428,-90.4691,6.7,sand,clay,equal,sand_plus,,,exact,,47.004,-90.472,CTD data,surface: 2 m,16.7599,,8.267,99.313,,,9.5771,,0.4915
APIS17_75R,75R,random,random,46.97425,-90.62907,APIS17_75R,exact,10 m,46.97431,-90.62898,25.9,sand,silt,equal,sand_plus,,,exact,,46.97383,-90.62916,CTD data,surface: 2 m,17.5806,,8.212,99.595,,,9.3831,,0.4259
CB13-0001,1,Z2_BandYES,,46.587,-90.9315,CB13-0001,exact,,46.587,-90.9315,1.9,sand,organic,prim/secd,sand_plus,0,,invPF,CB13-0001,46.587,-90.9315,Boat affecting turbid,surface,21.27,,7.91,122.8,14.7,111.8,9.74,,
CB13-0005,5,Z2_BandNO,,46.63495,-90.8318,CB13-0005,exact,,46.63495,-90.8318,5.4,sand,clay,prim/secd,sand_plus,0,,,,,,,,,,,,,,,,
CB13-0006,6,Z2_BandNO,,46.6699167,-90.841,CB13-0006,exact,,46.6699167,-90.841,6,sand,clay,prim/secd,sand_plus,0,,,,,,,,,,,,,,,,
CB13-0007,7,Z2_BandNO,,46.6972,-90.8132333,CB13-0007,exact,,46.6972,-90.8132333,7,sand,clay,prim/secd,sand_plus,1,filam algae,,,,,,,,,,,,,,,
CB13-0009,9,Z2_BandNO,,46.6516167,-90.7568,CB13-0009,exact,,46.6516167,-90.7568,1,clay,sand,prim/secd,sand_plus,3,vallis,,,,,,,,,,,,,,,
CB13-0014,14,Z1_BandNO,,46.7013833,-90.77865,CB13-0014,exact,,46.7013833,-90.77865,5.2,sand,clay,prim/secd,sand_plus,1,broad-leaved potam,,,,,,,,,,,,,,,0.9
CB13-0015,15,Z3_BandNO,,46.6298333,-90.9088167,CB13-0015,exact,,46.6298333,-90.9088167,6,sand,clay,prim/secd,sand_plus,0,,,,,,,,,,,,,,,,
CB13-0018,18,Z2_BandNO,,46.6517833,-90.8186333,CB13-0018,exact,,46.6517833,-90.8186333,6,clay,sand,prim/secd,sand_plus,1,filam algae,,,,,,,,,,,,,,,1.5
CB13-0022,22,Z3_BandNO,,46.6814833,-90.8551333,CB13-0022,exact,,46.6814833,-90.8551333,19,clay,sand,prim/secd,sand_plus,0,,,,,,,,,,,,,,,,
CB13-0024,24,Z3_BandYES,,46.6665,-90.885,CB13-0024,exact,,46.6665,-90.885,6.1,sand,clay,prim/secd,sand_plus,3,underwater grass,invPF,CB13-0024,46.6665,-90.885,,surface,18.6,,7.9,95,3.6,107.5,9.9,,
CB13-0027,27,Z1_BandYES,,46.6695,-90.709,CB13-0027,exact,,46.6695,-90.709,1,sand,silt,equal,sand_plus,0,,invPF,CB13-0027,46.6695,-90.709,,surface,23.51,,8.28,97.4,2.3,130.2,10.77,,
CB13-0029,29,Z1_BandYES,,46.6706667,-90.7456667,CB13-0029,exact,,46.6706667,-90.7456667,1.1,sand,rock,prim/secd,sand_plus,0,,invPF,CB13-0029,46.6706667,-90.7456667,,surface,26.06,,8.57,95.9,6.2,113.6,9.12,,
CB13-0033,33,Z2_BandYES,,46.6250667,-90.7962,CB13-0033,exact,,46.6250667,-90.7962,1.3,sand,clay,prim/secd,sand_plus,1,vallis,invPF,CB13-0033,46.6250667,-90.7962,,surface,19.64,,8.78,95.3,3.5,111.7,10.09,,
CB13-0037,37,Z2_BandNO,,46.6421833,-90.7803,CB13-0037,exact,,46.6421833,-90.7803,3.4,sand,silt,prim/secd,sand_plus,1,chara,,,,,,,,,,,,,,,
CB13-0044,44,Z2_BandNO,,46.6472,-90.8710333,CB13-0044,exact,,46.6472,-90.8710333,11,clay,silt,prim/secd,sand_plus,0,,"invPF, invZT",CB13-0044,46.6472,-90.8710333,"CTD, deep WQ also",surface,17,,6.7,100.5,,102.1,9.9,,
CB13-0048,48,Z3_BandNO,,46.5961667,-90.9435,CB13-0048,exact,,46.5961667,-90.9435,2,silt,sand,prim/secd,sand_plus,2,"vallis, elodea",invPF,CB13-0048,46.5961667,-90.9435,,surface,19.89,,7.67,105.4,11.8,100.5,9.02,,
CB13-0049,49,Z2_BandNO,,46.6199333,-90.84245,CB13-0049,exact,,46.6199333,-90.84245,6,clay,sand,prim/secd,sand_plus,0,,,,,,,,,,,,,,,,
CB13-0050,50,Z2_BandNO,,46.64925,-90.8373167,CB13-0050,exact,,46.64925,-90.8373167,5.2,sand,clay,prim/secd,sand_plus,1,potam,,,,,,,,,,,,,,,
CB13-0051,51,Z1_BandNO,,46.7090833,-90.8106667,CB13-0051,exact,,46.7090833,-90.8106667,7,sand,clay,equal,sand_plus,1,filam algae,,,,,,,,,,,,,,,
CB13-0053,53,Z2_BandYES,,46.6621667,-90.7536667,CB13-0053,exact,,46.6621667,-90.7536667,0.8,gravel,sand,equal,sand_plus,1,juvenile rush,invPF,CB13-0053,46.6621667,-90.7536667,,surface,26.05,,8.4,95.1,6.5,110.8,8.84,,
CB13-0072,72,Z2_BandYES,,46.5988833,-90.8842833,CB13-0072,exact,,46.5988833,-90.8842833,3.7,sand,clay,prim/secd,sand_plus,1,"eloda, subm. ribbon",,,,,,,,,,,,,,,
CB13-0085,85,Z2_BandYES,,46.6394167,-90.7667167,CB13-0085,exact,,46.6394167,-90.7667167,1.2,sand,gravel,prim/secd,sand_plus,0,,invPF,CB13-0085,46.6394167,-90.7667167,,surface,22.05,,9.32,97.8,4.2,105.9,9.13,,
CB13-0087,87,Z1_BandNO,,46.7064667,-90.8076333,CB13-0087,exact,,46.7064667,-90.8076333,5.5,sand,clay,prim/secd,sand_plus,0,,,,,,,,,,,,,,,,
CB13-0091,91,Z1_BandYES,,46.6655,-90.7068333,CB13-0091,exact,,46.6655,-90.7068333,1.3,sand,silt,equal,sand_plus,0,,invPF,CB13-0091,46.6655,-90.7068333,,surface,24.02,,7.85,98.5,6.7,95.9,7.93,,
CB13-0093,93,Z2_BandYES,,46.6636667,-90.7443333,CB13-0093,exact,,46.6636667,-90.7443333,1.5,sand,silt,equal,sand_plus,3,"ribbon potam, vallis",invPF,CB13-0093,46.6636667,-90.7443333,,surface,25.99,,9.13,94.9,7.2,122.1,9.7,,
CB13-0100,100,Z2_BandYES,,46.60135,-90.8713667,CB13-0100,exact,,46.60135,-90.8713667,0.7,sand,gravel,prim/secd,sand_plus,0,,,,,,,,,,,,,,,,
CB13-0102,102,Z2_BandNO,,46.67145,-90.8147167,CB13-0102,exact,,46.67145,-90.8147167,7,sand,clay,prim/secd,sand_plus,0,,,,,,,,,,,,,,,,
CB13-0104,104,Z3_BandNO,,46.6744,-90.8757333,CB13-0104,exact,,46.6744,-90.8757333,7,sand,clay,equal,sand_plus,1,chara,,,,,,,,,,,,,,,
CB13-0109,109,Z1_BandYES,,46.6683333,-90.72,CB13-0109,exact,,46.6683333,-90.72,1.4,sand,silt,prim/secd,sand_plus,1,najas,invPF,CB13-0109,46.6683333,-90.72,,surface,24.53,,8.57,95.6,5.2,117,9.6,,
CB13-0113,113,Z2_BandNO,,46.6373167,-90.8433333,CB13-0113,exact,,46.6373167,-90.8433333,6.5,clay,sand,prim/secd,sand_plus,0,,,,,,,,,,,,,,,,
CB13-0114,114,Z2_BandNO,,46.66965,-90.8458667,CB13-0114,exact,,46.66965,-90.8458667,7,sand,clay,prim/secd,sand_plus,0,,,,,,,,,,,,,,,,0.9
CB13-0115,115,Z1_BandNO,,46.7116833,-90.8100333,CB13-0115,exact,,46.7116833,-90.8100333,6.5,sand,clay,prim/secd,sand_plus,2,"chara, wavy leaf potam",,,,,,,,,,,,,,,
CB13-0118,118,Z1_BandYES,,46.701,-90.7541667,CB13-0118,exact,,46.701,-90.7541667,1,gravel,sand,equal,sand_plus,0,,,,,,,,,,,,,,,,
CB13-0129,129,Z2_BandYES,,46.5848333,-90.9236667,CB13-0129,exact,,46.5848333,-90.9236667,0.8,sand,silt,equal,sand_plus,2,vallis,invPF,CB13-0129,46.5848333,-90.9236667,,surface,21.12,,7.5,94.5,7.5,107.7,9.43,,
CB13-0135,135,Z1_BandNO,,46.6981,-90.7946667,CB13-0135,exact,,46.6981,-90.7946667,5.5,sand,clay,prim/secd,sand_plus,0,,,,,,,,,,,,,,,,
CB13-0138,138,Z1_BandYES,,46.7106333,-90.76825,CB13-0138,exact,,46.7106333,-90.76825,0.8,sand,gravel,prim/secd,sand_plus,0,,,,,,,,,,,,,,,,
CB13-0144,144,Z3_BandNO,,46.6615833,-90.88845,CB13-0144,exact,,46.6615833,-90.88845,8,sand,clay,equal,sand_plus,1,chara,,,,,,,,,,,,,,,
CB13-0145,145,Z2_BandNO,,46.6327333,-90.8203167,CB13-0145,exact,,46.6327333,-90.8203167,5.5,clay,sand,prim/secd,sand_plus,0,,,,,,,,,,,,,,,,
CB13-0149,149,Z2_BandYES,,46.6421,-90.7616667,CB13-0149,exact,,46.6421,-90.7616667,1.1,sand,gravel,prim/secd,sand_plus,1,vallis,invPF,CB13-0149,46.6421,-90.7616667,,surface,22.69,,9.31,98.6,7.1,108.9,9.26,,
CB13-0162,162,Z2_BandNO,,46.6437,-90.85475,CB13-0162,exact,,46.6437,-90.85475,7,clay,sand,prim/secd,sand_plus,1,filam algae,,,,,,,,,,,,,,,
CB13-0166,166,Z2_BandNO,,46.6818333,-90.8024667,CB13-0166,exact,,46.6818333,-90.8024667,5.5,sand,clay,prim/secd,sand_plus,0,,,,,,,,,,,,,,,,
CB13-0171,171,Z1_BandYES,,46.6623333,-90.6988333,CB13-0171,exact,,46.6623333,-90.6988333,0.7,sand,organic,prim/secd,sand_plus,0,,invPF,CB13-0171,46.6623333,-90.6988333,,surface,24.58,,8.03,104.5,3,103.2,8.44,,
CB13-0179,179,Z1_BandNO,,46.7152167,-90.8051333,CB13-0179,exact,,46.7152167,-90.8051333,5,sand,clay,prim/secd,sand_plus,2,chara,,,,,,,,,,,,,,,
CB13-0200,200,Z3_BandYES,,46.6683333,-90.889,CB13-0200,exact,,46.6683333,-90.889,2,sand,organic,prim/secd,sand_plus,4,"chara, ribbon-leaved potam",invPF,CB13-0200,46.6683333,-90.889,,surface,19.5,,8.3,97.5,3.1,113.7,10.3,,
CB13-0205,205,Z1_BandYES,,46.6687833,-90.75005,CB13-0205,exact,,46.6687833,-90.75005,1.4,sand,gravel,prim/secd,sand_plus,0,,,,,,,,,,,,,,,,
CB13-0213,213,Z2_BandYES,,46.6379667,-90.76875,CB13-0213,exact,,46.6379667,-90.76875,1.2,sand,clay,prim/secd,sand_plus,1,vallis,invPF,CB13-0213,46.6379667,-90.76875,,surface,21.91,,9.3,97.8,5.4,105.2,9.07,,
CB13-0224,224,Z3_BandYES,,46.5993333,-90.9458333,CB13-0224,exact,,46.5993333,-90.9458333,2,sand,clay,prim/secd,sand_plus,4,vallis,invPF,CB13-0224,46.5993333,-90.9458333,,surface,20.37,,7.81,104.5,11,104.5,9.39,,
CB13-0257,257,Z2_BandYES,,46.5878333,-90.933,CB13-0257,exact,,46.5878333,-90.933,1.2,sand,gravel,prim/secd,sand_plus,1,vallis,invPF,CB13-0257,46.5878333,-90.933,,surface,20.02,,7.65,109.8,17.9,105.7,9.47,,
CB13-0264,264,Z2_BandYES,,46.5959833,-90.88705,CB13-0264,exact,,46.5959833,-90.88705,3.4,sand,organic,prim/secd,sand_plus,0,,,,,,,,,,,,,,,,
CB13-0265,265,Z2_BandYES,,46.65,-90.7522,CB13-0265,exact,,46.65,-90.7522,1.4,sand,gravel,prim/secd,sand_plus,2,vallis,invPF,CB13-0265,46.65,-90.7522,,surface,23.32,,9.09,100,7.1,101.9,8.56,,
CB13-0273,273,Z2_BandYES,,46.5880667,-90.8991,CB13-0273,exact,,46.5880667,-90.8991,1.5,sand,gravel,prim/secd,sand_plus,0,,,,,,,,,,,,,,,,
CB13-0285,285,Z2_BandYES,,46.663,-90.7448333,CB13-0285,exact,,46.663,-90.7448333,1.3,gravel,sand,equal,sand_plus,1,vallis,invPF,CB13-0285,46.663,-90.7448333,,surface,25.44,,9.31,94.5,8.3,129.2,10.31,,
CB13-0288,288,Z3_BandYES,,46.5955,-90.9466667,CB13-0288,exact,,46.5955,-90.9466667,0.8,sand,silt,equal,sand_plus,0,,invPF,CB13-0288,46.5955,-90.9466667,,surface,21.28,,8.02,109,10.7,111.5,9.75,,
CB13-0293,293,Z2_BandYES,,46.6320667,-90.7785167,CB13-0293,exact,,46.6320667,-90.7785167,1.2,sand,clay,prim/secd,sand_plus,1,vallis,invPF,CB13-0293,46.6320667,-90.7785167,,surface,20.95,,8.91,102.6,49.7,96.5,8.45,,
CB13-0309,309,Z2_BandYES,,46.6613333,-90.755,CB13-0309,exact,,46.6613333,-90.755,1,sand,silt,prim/secd,sand_plus,2,vallis,invPF,CB13-0309,46.6613333,-90.755,,surface,25.71,,8.37,95,5.8,111.2,8.96,,
CB13-0341,341,Z2_BandYES,,46.6406,-90.7642333,CB13-0341,exact,,46.6406,-90.7642333,1.2,sand,gravel,prim/secd,sand_plus,0,,invPF,CB13-0341,46.6406,-90.7642333,,surface,22.29,,9.31,97.6,5.7,112.6,9.92,,
CB13-0349,349,Z2_BandYES,,46.6621667,-90.7418333,CB13-0349,exact,,46.6621667,-90.7418333,1.5,sand,silt,equal,sand_plus,4,vallis,invPF,CB13-0349,46.6621667,-90.7418333,,surface,25.54,,9.14,93.7,7.3,111.5,9,,
CB13-0351BS,351,Z3_BandYES,Matched to sled,46.6238333,-90.9263333,CB13-0351BS,exact,,46.6238333,-90.9263333,1.4,rock,sand,equal,sand_plus,0,,,,,,,,,,,,,,,,
CB13-0385,385,Z2_BandYES,,46.585,-90.9193333,CB13-0385,exact,,46.585,-90.9193333,1.6,sand,silt,prim/secd,sand_plus,0,,invPF,CB13-0385,46.585,-90.9193333,,surface,18.65,,7.51,94.8,8,102.6,9.46,,
CB13-0404,404,Z2_BandYES,,46.5909833,-90.8954833,CB13-0404,exact,,46.5909833,-90.8954833,2.3,sand,gravel,prim/secd,sand_plus,1,elodea,,,,,,,,,,,,,,,
CB13-1510,1510,Z4_BandNO,,46.90935,-90.75295,CB13-1510,exact,,46.90935,-90.75295,28,sand,clay,prim/secd,sand_plus,0,,invPF,CB13-1510,46.90935,-90.75295,"CTD, deep WQ also",surface,17.8,,6.1,100.3,,98.4,9.4,,
CB13-1518,1518,Z4_BandYES,,46.8535,-90.7876667,CB13-1518,exact,,46.8535,-90.7876667,3.8,sand,clay,prim/secd,sand_plus,0,,invPF,CB13-1518,46.8535,-90.7876667,,surface,19.8,,7.9,95.5,2.8,109.4,9.9,,
CB13-1529,1529,Z4_BandYES,,46.8585,-90.7793333,CB13-1529,exact,,46.8585,-90.7793333,7,clay,sand,prim/secd,sand_plus,1,chara,invPF,CB13-1529,46.8585,-90.7793333,,surface,19.4,,7.9,95.1,2.3,109.8,9.95,,
CB13-1530,1530,Z4_BandNO,,46.9426833,-90.8044167,CB13-1530,exact,,46.9426833,-90.8044167,28,clay,sand,prim/secd,sand_plus,0,,,,,,,,,,,,,,,,
CB13-1532,1532,Z4_BandYES,,46.7815,-90.8623333,CB13-1532,exact,,46.7815,-90.8623333,0.7,sand,silt,equal,sand_plus,0,,invPF,CB13-1532,46.7815,-90.8623333,,surface,18.59,,7.97,94.6,1.8,108.9,10.08,,
CB13-1550,1550,Z4_BandYES,,46.9105,-90.7806667,CB13-1550,exact,,46.9105,-90.7806667,2.4,sand,silt,prim/secd,sand_plus,0,,invPF,CB13-1550,46.9105,-90.7806667,,surface,21.4,,9.01,94,1.7,105.6,9.2,,
CB13-1551,1551,Z4_BandNO,,46.8997145,-90.7441179,CB13-1551,exact,,46.8997145,-90.7441179,22,sand,gravel,prim/secd,sand_plus,0,,,,,,,,,,,,,,,,
CB13-1560,1560,Z4_BandYES,,46.7888333,-90.8505,CB13-1560,exact,,46.7888333,-90.8505,2.7,sand,organic,prim/secd,sand_plus,0,,invPF,CB13-1560,46.7888333,-90.8505,,surface,18.58,,7.99,97.2,2.9,111.4,10.27,,
CB13-1564,1564,Z4_BandYES,,46.7618333,-90.8716667,CB13-1564,exact,,46.7618333,-90.8716667,2,sand,silt,equal,sand_plus,0,,invPF,CB13-1564,46.7618333,-90.8716667,,surface,18.57,,8.05,94.4,2.2,109.4,10.11,,
CB13-1573,1573,Z4_BandYES,,46.8765,-90.7686667,CB13-1573,exact,,46.8765,-90.7686667,7.2,sand,clay,equal,sand_plus,1,chara,invPF,CB13-1573,46.8765,-90.7686667,,surface,19.4,,7.9,95.6,3.6,109,9.9,,
CB13-1581,1581,Z4_BandYES,,46.8183333,-90.804,CB13-1581,exact,,46.8183333,-90.804,8,sand,clay,equal,sand_plus,1,najas,invPF,CB13-1581,46.8183333,-90.804,,surface,19.37,,7.94,95.6,1.7,108.5,9.87,,
CB13-1589,1589,Z4_BandYES,,46.8835,-90.765,CB13-1589,exact,,46.8835,-90.765,3.8,sand,clay,equal,sand_plus,1,chara,invPF,CB13-1589,46.8835,-90.765,,surface,18.7,,7.9,94.8,2.1,107.7,9.9,,
CB13-1598,1598,Z4_BandYES,,46.9133333,-90.782,CB13-1598,exact,,46.9133333,-90.782,2.4,sand,silt,equal,sand_plus,1,unknown,invPF,CB13-1598,46.9133333,-90.782,,surface,21.47,,9.02,94.2,1.6,108.5,9.42,,
CB13-1613,1613,Z4_BandYES,,46.8093333,-90.8128333,CB13-1613,exact,,46.8093333,-90.8128333,3,silt,sand,prim/secd,sand_plus,4,"chara, potam",invPF,CB13-1613,46.8093333,-90.8128333,,surface,19.99,,7.9,95.8,1.3,109.1,9.73,,
CB13-1614,1614,Z4_BandYES,,46.9116667,-90.7823333,CB13-1614,exact,,46.9116667,-90.7823333,1.8,sand,silt,prim/secd,sand_plus,0,,invPF,CB13-1614,46.9116667,-90.7823333,,surface,21.49,,9.06,93.8,1.8,107.4,9.33,,
CB13-1615,1615,Z4_BandNO,,46.9001833,-90.739,CB13-1615,exact,,46.9001833,-90.739,26,sand,clay,equal,sand_plus,0,,,,,,,,,,,,,,,,
CB13-1617,1617,Z4_BandYES,,46.8831667,-90.7693333,CB13-1617,exact,,46.8831667,-90.7693333,1.7,sand,clay,equal,sand_plus,3,"potam, milfoil",invPF,CB13-1617,46.8831667,-90.7693333,,surface,19,,8,95.5,2.4,108.2,9.9,,
CB13-1628,1628,Z4_BandYES,,46.7591667,-90.8783333,CB13-1628,exact,,46.7591667,-90.8783333,2.1,sand,gravel,prim/secd,sand_plus,0,,invPF,CB13-1628,46.7591667,-90.8783333,,surface,18.51,,8.07,93.8,2.5,109.2,10.08,,
CB13-1629,1629,Z4_BandNO,,46.7348333,-90.8069667,CB13-1629,exact,,46.7348333,-90.8069667,25,sand,clay,equal,sand_plus,0,,,,,,,,,,,,,,,,
CB13-1633,1633,Z4_BandYES,,46.839,-90.7866667,CB13-1633,exact,,46.839,-90.7866667,5.9,clay,sand,prim/secd,sand_plus,2,najas,invPF,CB13-1633,46.839,-90.7866667,,surface,19.77,,7.96,96.4,1.4,106.8,9.66,,
CB13-1644,1644,Z4_BandYES,,46.7748333,-90.8586667,CB13-1644,exact,,46.7748333,-90.8586667,6.7,sand,clay,equal,sand_plus,1,chara,invPF,CB13-1644,46.7748333,-90.8586667,,surface,20.06,,7.97,95.7,2,110.6,9.91,,
CB13-1656,1656,Z4_BandYES,,46.7821667,-90.8606667,CB13-1656,exact,,46.7821667,-90.8606667,1.3,sand,silt,prim/secd,sand_plus,2,potam,invPF,CB13-1656,46.7821667,-90.8606667,,surface,22.07,,8.79,100.9,13.8,110.2,9.42,,
APIS17_03R,03R,random,random,46.90613,-90.62375,APIS17_03R,approx,61 m,46.90626,-90.62453,80,,,,NA,,,exact,,46.90616,-90.623,CTD data,surface: 2 m,17.494,,8.308,99.414,,,9.344,,0.467
CB13-0008BS,0008BS,Z2_BandYES,Matched to sled,46.5951667,-90.889,CB13-0008BS,exact,,46.5951667,-90.889,1.2,,,,NA,4,elodea,,,,,,,,,,,,,,,
CB13-0013,13,Z2_BandYES,,46.65095,-90.7497667,CB13-0013,exact,,46.65095,-90.7497667,1,,,,NA,3,ribbon sparg,invPF,CB13-0013,46.65095,-90.7497667,,surface,23.3,,8.83,98.8,8.6,101.7,8.55,,
CB13-0052,52,Z2_BandYES,,46.6047333,-90.87735,CB13-0052,exact,,46.6047333,-90.87735,5.3,,,,NA,1,chara,,,,,,,,,,,,,,,
